"Tanggal","Terakhir","Pembukaan","Tertinggi","Terendah","Vol","Perubahan%"
"28/12/2018","1655","1680","1695","1650","12,98M","-0,90%"
"27/12/2018","1670","1705","1740","1665","16,44M","-1,18%"
"26/12/2018","1690","1685","1705","1680","10,36M","-1,74%"
"21/12/2018","1720","1690","1720","1685","12,28M","1,18%"
"20/12/2018","1700","1715","1725","1695","16,13M","-1,16%"
"19/12/2018","1720","1715","1745","1705","28,42M","0,29%"
"18/12/2018","1715","1650","1720","1645","23,71M","2,39%"
"17/12/2018","1675","1705","1720","1670","12,78M","-1,76%"
"14/12/2018","1705","1675","1750","1655","30,83M","1,79%"
"13/12/2018","1675","1690","1715","1660","47,12M","0,00%"
"12/12/2018","1675","1600","1690","1590","71,10M","6,01%"
"11/12/2018","1580","1595","1595","1525","26,77M","-0,63%"
"10/12/2018","1590","1580","1620","1540","33,90M","0,00%"
"07/12/2018","1590","1520","1620","1520","62,33M","5,30%"
"06/12/2018","1510","1495","1545","1495","16,41M","0,33%"
"05/12/2018","1505","1500","1525","1490","24,29M","-1,63%"
"04/12/2018","1530","1575","1575","1510","30,74M","-1,92%"
"03/12/2018","1560","1530","1580","1520","50,74M","3,65%"
"30/11/2018","1505","1500","1515","1480","30,40M","0,67%"
"29/11/2018","1495","1430","1515","1430","63,81M","6,79%"
"28/11/2018","1400","1470","1485","1400","22,88M","-5,08%"
"27/11/2018","1475","1490","1525","1450","44,11M","-0,34%"
"26/11/2018","1480","1375","1485","1360","82,86M","7,64%"
"23/11/2018","1375","1380","1390","1345","20,10M","0,36%"
"22/11/2018","1370","1295","1385","1290","71,89M","6,20%"
"21/11/2018","1290","1250","1300","1230","28,41M","1,18%"
"19/11/2018","1275","1225","1290","1225","34,64M","4,08%"
"16/11/2018","1225","1210","1285","1210","57,88M","2,08%"
"15/11/2018","1200","1125","1200","1125","28,06M","6,19%"
"14/11/2018","1130","1170","1185","1130","17,32M","-3,42%"
"13/11/2018","1170","1140","1185","1140","12,50M","0,00%"
"12/11/2018","1170","1205","1225","1165","16,46M","-2,90%"
"09/11/2018","1205","1270","1270","1200","31,61M","-5,49%"
"08/11/2018","1275","1300","1310","1265","52,08M","0,00%"
"07/11/2018","1275","1190","1275","1190","70,43M","7,14%"
"06/11/2018","1190","1200","1210","1180","16,77M","0,00%"
"05/11/2018","1190","1180","1215","1175","27,21M","0,42%"
"02/11/2018","1185","1180","1205","1170","30,33M","1,72%"
"01/11/2018","1165","1105","1180","1100","61,68M","5,91%"
"31/10/2018","1100","1125","1135","1100","22,44M","0,00%"
"30/10/2018","1100","1105","1130","1095","16,74M","-0,45%"
"29/10/2018","1105","1165","1170","1105","22,98M","-5,15%"
"26/10/2018","1165","1215","1215","1165","24,59M","-2,92%"
"25/10/2018","1200","1200","1215","1190","14,49M","-2,04%"
"24/10/2018","1225","1245","1265","1205","18,23M","-1,21%"
"23/10/2018","1240","1260","1275","1240","13,19M","-1,98%"
"22/10/2018","1265","1255","1295","1240","22,57M","2,02%"
"19/10/2018","1240","1255","1265","1240","16,27M","-1,20%"
"18/10/2018","1255","1270","1275","1250","19,79M","-1,18%"
"17/10/2018","1270","1290","1295","1270","13,16M","0,00%"
"16/10/2018","1270","1300","1300","1265","11,36M","-1,17%"
"15/10/2018","1285","1305","1320","1275","11,12M","-0,39%"
"12/10/2018","1290","1285","1300","1270","5,32M","1,57%"
"11/10/2018","1270","1275","1285","1260","9,87M","-2,68%"
"10/10/2018","1305","1300","1325","1295","21,87M","0,38%"
"09/10/2018","1300","1300","1320","1295","6,54M","0,00%"
"08/10/2018","1300","1310","1330","1300","7,47M","-0,76%"
"05/10/2018","1310","1340","1355","1295","13,00M","-2,96%"
"04/10/2018","1350","1375","1375","1335","11,31M","-1,82%"
"03/10/2018","1375","1415","1425","1375","13,71M","-2,83%"
"02/10/2018","1415","1455","1490","1400","17,53M","-2,41%"
"01/10/2018","1450","1375","1450","1370","18,75M","6,23%"
"28/09/2018","1365","1365","1385","1365","9,85M","0,37%"
"27/09/2018","1360","1355","1380","1350","11,34M","0,37%"
"26/09/2018","1355","1365","1390","1355","11,43M","-0,73%"
"25/09/2018","1365","1375","1380","1360","3,74M","-0,73%"
"24/09/2018","1375","1410","1410","1375","8,51M","-2,48%"
"21/09/2018","1410","1400","1425","1400","10,94M","1,08%"
"20/09/2018","1395","1370","1415","1365","10,61M","1,82%"
"19/09/2018","1370","1385","1390","1360","4,90M","-0,36%"
"18/09/2018","1375","1390","1400","1370","9,77M","-1,08%"
"17/09/2018","1390","1425","1440","1390","7,32M","-2,46%"
"14/09/2018","1425","1435","1445","1405","9,25M","0,00%"
"13/09/2018","1425","1450","1455","1420","4,21M","0,00%"
"12/09/2018","1425","1455","1465","1425","5,81M","-0,70%"
"10/09/2018","1435","1465","1465","1415","3,68M","-1,71%"
"07/09/2018","1460","1470","1475","1450","2,44M","0,00%"
"06/09/2018","1460","1450","1480","1420","5,37M","0,34%"
"05/09/2018","1455","1550","1550","1425","12,91M","-6,43%"
"04/09/2018","1555","1565","1595","1525","15,37M","0,65%"
"03/09/2018","1545","1555","1565","1530","3,69M","-0,32%"
"31/08/2018","1550","1580","1580","1540","13,92M","-3,43%"
"30/08/2018","1605","1655","1665","1600","15,87M","-2,43%"
"29/08/2018","1645","1615","1665","1590","24,55M","2,49%"
"28/08/2018","1605","1605","1630","1590","11,45M","0,94%"
"27/08/2018","1590","1590","1615","1575","4,95M","1,27%"
"24/08/2018","1570","1600","1600","1570","4,00M","-1,88%"
"23/08/2018","1600","1605","1635","1580","9,50M","0,00%"
"21/08/2018","1600","1575","1620","1575","10,55M","1,59%"
"20/08/2018","1575","1555","1590","1545","10,27M","2,27%"
"16/08/2018","1540","1575","1575","1540","6,06M","-3,14%"
"15/08/2018","1590","1600","1615","1510","14,94M","-0,93%"
"14/08/2018","1605","1610","1630","1570","8,76M","0,00%"
"13/08/2018","1605","1650","1650","1570","16,34M","-5,03%"
"10/08/2018","1690","1660","1735","1660","41,69M","3,05%"
"09/08/2018","1640","1675","1705","1635","16,29M","-2,09%"
"08/08/2018","1675","1690","1695","1660","13,12M","-0,30%"
"07/08/2018","1680","1660","1680","1640","26,36M","1,82%"
"06/08/2018","1650","1580","1650","1580","28,84M","5,10%"
"03/08/2018","1570","1555","1585","1550","6,17M","0,96%"
"02/08/2018","1555","1580","1600","1550","7,96M","-1,58%"
"01/08/2018","1580","1560","1600","1555","19,02M","1,94%"
"31/07/2018","1550","1585","1585","1530","18,74M","-1,27%"
"30/07/2018","1570","1495","1575","1475","29,12M","6,80%"
"27/07/2018","1470","1480","1490","1470","5,51M","-0,34%"
"26/07/2018","1475","1475","1520","1470","11,74M","0,00%"
"25/07/2018","1475","1490","1500","1475","5,45M","-0,67%"
"24/07/2018","1485","1495","1495","1465","6,17M","0,68%"
"23/07/2018","1475","1485","1520","1470","8,54M","-0,67%"
"20/07/2018","1485","1455","1490","1435","10,11M","2,06%"
"19/07/2018","1455","1510","1515","1450","10,25M","-2,68%"
"18/07/2018","1495","1490","1520","1460","36,86M","2,05%"
"17/07/2018","1465","1340","1465","1340","36,97M","8,92%"
"16/07/2018","1345","1365","1365","1340","3,16M","-0,37%"
"13/07/2018","1350","1365","1380","1350","6,44M","-0,37%"
"12/07/2018","1355","1345","1395","1345","11,08M","1,12%"
"11/07/2018","1340","1320","1370","1315","8,39M","-1,47%"
"10/07/2018","1360","1400","1410","1360","15,16M","0,00%"
"09/07/2018","1360","1320","1375","1305","11,49M","5,02%"
"06/07/2018","1295","1280","1335","1265","11,01M","0,78%"
"05/07/2018","1285","1300","1310","1265","8,27M","1,18%"
"04/07/2018","1270","1265","1285","1210","17,24M","1,20%"
"03/07/2018","1255","1345","1345","1255","16,62M","-4,92%"
"02/07/2018","1320","1325","1415","1315","15,04M","-0,38%"
"29/06/2018","1325","1315","1345","1310","8,49M","0,76%"
"28/06/2018","1315","1375","1390","1315","10,20M","-4,36%"
"27/06/2018","1375","1395","1420","1370","6,57M","-1,43%"
"26/06/2018","1395","1405","1420","1390","7,72M","-0,71%"
"25/06/2018","1405","1440","1450","1405","5,64M","-1,75%"
"22/06/2018","1430","1460","1465","1420","11,69M","-1,72%"
"21/06/2018","1455","1550","1560","1450","14,01M","-5,83%"
"20/06/2018","1545","1620","1620","1540","8,60M","-4,63%"
"08/06/2018","1620","1650","1650","1620","6,90M","-1,52%"
"07/06/2018","1645","1620","1655","1620","8,83M","1,86%"
"06/06/2018","1615","1665","1670","1615","9,75M","-2,42%"
"05/06/2018","1655","1650","1690","1645","17,06M","0,30%"
"04/06/2018","1650","1670","1675","1645","8,77M","-1,20%"
"31/05/2018","1670","1680","1680","1645","7,11M","0,00%"
"30/05/2018","1670","1680","1680","1640","12,08M","0,91%"
"28/05/2018","1655","1655","1680","1655","10,36M","0,30%"
"25/05/2018","1650","1680","1700","1640","12,10M","-1,79%"
"24/05/2018","1680","1635","1715","1635","29,76M","3,07%"
"23/05/2018","1630","1610","1665","1590","30,60M","1,56%"
"22/05/2018","1605","1600","1665","1590","39,98M","0,94%"
"21/05/2018","1590","1535","1605","1505","39,55M","4,26%"
"18/05/2018","1525","1555","1570","1520","28,94M","-2,24%"
"17/05/2018","1560","1480","1575","1475","44,90M","6,48%"
"16/05/2018","1465","1390","1480","1380","32,66M","4,27%"
"15/05/2018","1405","1355","1410","1345","27,42M","3,69%"
"14/05/2018","1355","1375","1380","1330","15,25M","-1,81%"
"11/05/2018","1380","1345","1415","1330","36,38M","3,76%"
"09/05/2018","1330","1250","1345","1215","75,26M","6,40%"
"08/05/2018","1250","1355","1360","1235","53,35M","-7,75%"
"07/05/2018","1355","1370","1395","1335","36,13M","-1,09%"
"04/05/2018","1370","1470","1475","1365","38,02M","-6,16%"
"03/05/2018","1460","1555","1555","1460","26,48M","-6,41%"
"02/05/2018","1560","1595","1595","1540","26,74M","-1,58%"
"30/04/2018","1585","1585","1590","1540","13,93M","1,60%"
"27/04/2018","1560","1570","1595","1550","13,88M","0,00%"
"26/04/2018","1560","1650","1650","1560","18,51M","-4,88%"
"25/04/2018","1640","1685","1690","1635","14,65M","-2,38%"
"24/04/2018","1680","1690","1710","1680","7,27M","-0,59%"
"23/04/2018","1690","1700","1720","1690","7,82M","0,00%"
"20/04/2018","1690","1690","1700","1685","4,90M","0,00%"
"19/04/2018","1690","1690","1710","1685","11,06M","0,00%"
"18/04/2018","1690","1685","1710","1680","9,55M","0,30%"
"17/04/2018","1685","1705","1710","1680","8,96M","-0,59%"
"16/04/2018","1695","1715","1715","1695","7,85M","-0,29%"
"13/04/2018","1700","1705","1725","1695","7,10M","0,00%"
"12/04/2018","1700","1735","1740","1700","15,22M","-1,45%"
"11/04/2018","1725","1765","1765","1725","12,61M","-1,43%"
"10/04/2018","1750","1745","1775","1735","25,03M","0,57%"
"09/04/2018","1740","1760","1760","1740","6,34M","-0,85%"
"06/04/2018","1755","1740","1785","1725","19,97M","1,45%"
"05/04/2018","1730","1710","1740","1690","17,70M","2,37%"
"04/04/2018","1690","1700","1740","1690","18,85M","0,00%"
"03/04/2018","1690","1695","1720","1690","16,45M","-1,17%"
"02/04/2018","1710","1700","1720","1675","7,22M","1,79%"
"29/03/2018","1680","1705","1705","1670","7,11M","-0,88%"
"28/03/2018","1695","1690","1700","1675","5,73M","0,00%"
"27/03/2018","1695","1740","1740","1690","11,37M","-0,59%"
"26/03/2018","1705","1705","1730","1695","8,25M","-0,29%"
"23/03/2018","1710","1660","1730","1600","15,34M","0,88%"
"22/03/2018","1695","1770","1780","1690","14,09M","-3,14%"
"21/03/2018","1750","1700","1760","1700","14,47M","2,94%"
"20/03/2018","1700","1710","1710","1675","7,63M","-0,58%"
"19/03/2018","1710","1715","1740","1680","9,95M","0,00%"
"16/03/2018","1710","1750","1760","1705","15,86M","-2,01%"
"15/03/2018","1745","1790","1795","1735","15,75M","-2,24%"
"14/03/2018","1785","1830","1835","1780","18,63M","-0,83%"
"13/03/2018","1800","1825","1835","1800","18,74M","-1,10%"
"12/03/2018","1820","1830","1840","1820","9,10M","0,28%"
"09/03/2018","1815","1825","1835","1800","8,14M","0,00%"
"08/03/2018","1815","1820","1850","1770","25,50M","0,28%"
"07/03/2018","1810","1870","1870","1795","26,09M","-2,95%"
"06/03/2018","1865","1885","1905","1860","13,49M","-0,53%"
"05/03/2018","1875","1930","1930","1865","18,53M","-1,32%"
"02/03/2018","1900","1900","1920","1895","15,93M","-0,52%"
"01/03/2018","1910","1920","1950","1905","15,34M","-0,78%"
"28/02/2018","1925","1940","1950","1920","13,25M","-0,52%"
"27/02/2018","1935","1915","1965","1915","33,98M","1,84%"
"26/02/2018","1900","1920","1930","1890","16,11M","-0,52%"
"23/02/2018","1910","1960","1965","1890","36,06M","-1,55%"
"22/02/2018","1940","1925","1975","1915","17,53M","0,52%"
"21/02/2018","1930","1965","1965","1925","38,11M","-2,03%"
"20/02/2018","1970","2020","2030","1960","57,53M","-1,99%"
"19/02/2018","2010","1965","2030","1965","60,50M","2,81%"
"15/02/2018","1955","1945","1980","1930","31,30M","1,56%"
"14/02/2018","1925","1930","1955","1910","36,86M","-0,77%"
"13/02/2018","1940","2000","2000","1940","31,54M","-2,02%"
"12/02/2018","1980","2000","2030","1965","29,47M","0,00%"
"09/02/2018","1980","1980","1990","1955","21,08M","-2,46%"
"08/02/2018","2030","1950","2040","1925","42,16M","5,18%"
"07/02/2018","1930","2000","2000","1925","30,57M","1,05%"
"06/02/2018","1910","1920","1940","1855","64,11M","-3,05%"
"05/02/2018","1970","1980","2010","1945","24,02M","-2,48%"
"02/02/2018","2020","2040","2060","2020","19,99M","-0,98%"
"01/02/2018","2040","2100","2110","2040","35,94M","-1,92%"
"31/01/2018","2080","2010","2100","1995","46,14M","1,46%"
"30/01/2018","2050","2130","2140","2030","44,99M","-3,30%"
"29/01/2018","2120","2140","2170","2110","40,05M","0,47%"
"26/01/2018","2110","2140","2190","2100","68,49M","0,00%"
"25/01/2018","2110","2090","2120","2070","65,94M","1,44%"
"24/01/2018","2080","1980","2130","1980","140,95M","5,58%"
"23/01/2018","1970","1940","1995","1940","32,04M","1,81%"
"22/01/2018","1935","1955","1970","1925","40,01M","-1,78%"
"19/01/2018","1970","2000","2010","1955","27,73M","-1,50%"
"18/01/2018","2000","2070","2070","1980","50,07M","-2,44%"
"17/01/2018","2050","1945","2060","1920","100,34M","5,67%"
"16/01/2018","1940","1840","1945","1840","83,45M","6,30%"
"15/01/2018","1825","1795","1835","1790","39,02M","2,53%"
"12/01/2018","1780","1810","1820","1780","25,65M","-1,11%"
"11/01/2018","1800","1780","1835","1780","67,63M","1,69%"
"10/01/2018","1770","1790","1790","1740","91,99M","-1,39%"
"09/01/2018","1795","1710","1800","1685","141,89M","5,59%"
"08/01/2018","1700","1590","1700","1590","108,42M","7,59%"
"05/01/2018","1580","1550","1600","1550","32,31M","1,94%"
"04/01/2018","1550","1530","1565","1510","34,55M","1,64%"
"03/01/2018","1525","1565","1575","1515","24,19M","-2,56%"
"02/01/2018","1565","1560","1590","1555","21,70M","0,97%"
"29/12/2017","1550","1540","1590","1535","23,22M","0,98%"
"28/12/2017","1535","1545","1565","1530","19,16M","-0,65%"
"27/12/2017","1545","1580","1585","1530","19,22M","-0,96%"
"22/12/2017","1560","1585","1595","1555","16,32M","-1,27%"
"21/12/2017","1580","1585","1600","1570","9,72M","0,00%"
"20/12/2017","1580","1615","1625","1580","18,96M","-1,56%"
"19/12/2017","1605","1615","1640","1600","34,36M","0,00%"
"18/12/2017","1605","1600","1610","1555","36,98M","0,94%"
"15/12/2017","1590","1600","1620","1575","35,29M","0,95%"
"14/12/2017","1575","1520","1605","1520","68,97M","4,65%"
"13/12/2017","1505","1505","1560","1495","44,06M","0,00%"
"12/12/2017","1505","1570","1575","1490","53,67M","-4,14%"
"11/12/2017","1570","1625","1650","1570","23,91M","-2,48%"
"08/12/2017","1610","1645","1660","1600","22,75M","-2,13%"
"07/12/2017","1645","1605","1675","1600","31,30M","2,81%"
"06/12/2017","1600","1665","1680","1590","43,29M","-3,90%"
"05/12/2017","1665","1735","1760","1655","31,13M","-3,76%"
"04/12/2017","1730","1805","1810","1725","24,74M","-4,16%"
"30/11/2017","1805","1810","1820","1800","8,06M","0,00%"
"29/11/2017","1805","1815","1830","1805","10,19M","-0,28%"
"28/11/2017","1810","1875","1885","1800","33,15M","-3,72%"
"27/11/2017","1880","1900","1915","1870","12,77M","-1,05%"
"24/11/2017","1900","1930","1945","1895","12,26M","-1,30%"
"23/11/2017","1925","1960","1965","1900","13,43M","-1,28%"
"22/11/2017","1950","1970","1975","1950","8,02M","-1,02%"
"21/11/2017","1970","1960","1970","1940","11,48M","0,51%"
"20/11/2017","1960","1975","1985","1960","4,54M","-0,76%"
"17/11/2017","1975","1980","1990","1965","14,10M","0,25%"
"16/11/2017","1970","1980","1990","1955","15,89M","-0,51%"
"15/11/2017","1980","1990","1995","1955","16,20M","-1,00%"
"14/11/2017","2000","2020","2020","1990","6,27M","-0,99%"
"13/11/2017","2020","2020","2020","1990","6,78M","0,50%"
"10/11/2017","2010","2010","2020","1990","6,06M","0,00%"
"09/11/2017","2010","2050","2060","2000","21,16M","-1,47%"
"08/11/2017","2040","2000","2040","1980","30,80M","2,00%"
"07/11/2017","2000","2030","2040","1995","14,36M","-0,99%"
"06/11/2017","2020","1970","2030","1970","23,17M","3,06%"
"03/11/2017","1960","1945","1970","1925","15,04M","1,03%"
"02/11/2017","1940","1940","1985","1930","20,84M","-0,51%"
"01/11/2017","1950","1975","1985","1940","13,25M","-1,02%"
"31/10/2017","1970","2010","2030","1965","20,00M","-1,25%"
"30/10/2017","1995","2030","2040","1990","14,75M","-0,75%"
"27/10/2017","2010","2050","2050","1995","17,87M","-1,95%"
"26/10/2017","2050","2060","2070","2020","31,98M","0,00%"
"25/10/2017","2050","2000","2070","1990","49,45M","3,02%"
"24/10/2017","1990","1985","2010","1940","41,35M","0,00%"
"23/10/2017","1990","1905","2000","1905","86,62M","4,74%"
"20/10/2017","1900","1815","1900","1810","70,73M","4,97%"
"19/10/2017","1810","1775","1840","1775","30,59M","1,97%"
"18/10/2017","1775","1805","1815","1775","10,87M","-1,39%"
"17/10/2017","1800","1820","1845","1790","32,70M","0,00%"
"16/10/2017","1800","1765","1820","1765","49,04M","2,27%"
"13/10/2017","1760","1735","1770","1735","22,89M","1,44%"
"12/10/2017","1735","1750","1760","1725","21,70M","-1,14%"
"11/10/2017","1755","1795","1795","1740","16,96M","-1,68%"
"10/10/2017","1785","1800","1810","1780","11,99M","-0,83%"
"09/10/2017","1800","1790","1810","1780","11,35M","0,84%"
"06/10/2017","1785","1810","1815","1775","10,64M","-0,56%"
"05/10/2017","1795","1855","1865","1790","11,55M","-3,23%"
"04/10/2017","1855","1845","1875","1835","15,50M","1,09%"
"03/10/2017","1835","1810","1850","1785","15,58M","1,66%"
"02/10/2017","1805","1790","1825","1790","11,10M","0,84%"
"29/09/2017","1790","1810","1810","1760","13,71M","0,00%"
"28/09/2017","1790","1800","1820","1790","5,73M","0,00%"
"27/09/2017","1790","1835","1835","1785","10,99M","-1,65%"
"26/09/2017","1820","1845","1850","1810","4,67M","-1,36%"
"25/09/2017","1845","1885","1885","1825","8,87M","-1,86%"
"22/09/2017","1880","1910","1915","1870","9,70M","-1,31%"
"20/09/2017","1905","1920","1925","1880","12,73M","-0,26%"
"19/09/2017","1910","1895","1915","1885","14,65M","2,14%"
"18/09/2017","1870","1800","1870","1790","13,21M","4,18%"
"15/09/2017","1795","1800","1835","1785","8,97M","-0,28%"
"14/09/2017","1800","1855","1870","1785","23,68M","-2,96%"
"13/09/2017","1855","1895","1915","1850","15,13M","-2,11%"
"12/09/2017","1895","1970","1980","1895","12,21M","-3,32%"
"11/09/2017","1960","1915","1975","1915","23,35M","2,89%"
"08/09/2017","1905","1915","1950","1900","10,94M","0,00%"
"07/09/2017","1905","1895","1915","1880","17,43M","0,53%"
"06/09/2017","1895","1920","1920","1885","11,73M","-1,56%"
"05/09/2017","1925","1930","1945","1865","25,82M","0,00%"
"04/09/2017","1925","1980","1990","1920","20,93M","-3,02%"
"31/08/2017","1985","1990","2010","1980","8,55M","0,00%"
"30/08/2017","1985","1995","2010","1985","8,67M","-0,25%"
"29/08/2017","1990","1990","2010","1985","10,52M","0,00%"
"28/08/2017","1990","1990","2010","1985","6,98M","0,00%"
"25/08/2017","1990","1995","2000","1990","6,31M","0,00%"
"24/08/2017","1990","2010","2010","1990","7,32M","-0,50%"
"23/08/2017","2000","2020","2030","1995","10,92M","-0,50%"
"22/08/2017","2010","2000","2030","1990","22,88M","0,50%"
"21/08/2017","2000","2010","2030","1995","10,52M","0,00%"
"18/08/2017","2000","2020","2050","2000","13,11M","-0,99%"
"16/08/2017","2020","2040","2060","2020","10,30M","-0,49%"
"15/08/2017","2030","2080","2080","2030","15,68M","-1,46%"
"14/08/2017","2060","2030","2070","2020","10,88M","2,49%"
"11/08/2017","2010","2050","2050","2010","11,34M","-2,43%"
"10/08/2017","2060","2090","2110","2050","23,72M","-0,48%"
"09/08/2017","2070","2000","2090","2000","36,88M","3,76%"
"08/08/2017","1995","1980","2010","1980","12,29M","0,76%"
"07/08/2017","1980","2000","2030","1980","20,35M","-1,00%"
"04/08/2017","2000","2000","2040","1995","24,16M","-0,50%"
"03/08/2017","2010","2050","2050","2010","8,16M","-0,99%"
"02/08/2017","2030","2040","2050","2010","6,41M","0,00%"
"01/08/2017","2030","2080","2080","2020","12,06M","-2,40%"
"31/07/2017","2080","2080","2110","2040","26,61M","0,48%"
"28/07/2017","2070","2000","2080","1995","16,32M","3,76%"
"27/07/2017","1995","2000","2010","1990","4,67M","0,25%"
"26/07/2017","1990","2010","2040","1990","19,98M","-0,25%"
"25/07/2017","1995","2010","2020","1985","8,68M","-0,25%"
"24/07/2017","2000","1995","2030","1985","10,79M","0,50%"
"21/07/2017","1990","2030","2040","1990","15,77M","-1,00%"
"20/07/2017","2010","2020","2070","2000","48,10M","1,77%"
"19/07/2017","1975","2050","2060","1965","44,20M","-3,66%"
"18/07/2017","2050","2090","2110","2040","18,73M","-1,91%"
"17/07/2017","2090","2180","2190","2080","24,31M","-3,69%"
"14/07/2017","2170","2200","2200","2170","5,19M","-0,46%"
"13/07/2017","2180","2170","2210","2170","8,12M","0,46%"
"12/07/2017","2170","2180","2200","2160","11,70M","0,00%"
"11/07/2017","2170","2220","2220","2170","20,92M","-1,36%"
"10/07/2017","2200","2200","2280","2190","6,04M","0,00%"
"07/07/2017","2200","2220","2240","2200","8,03M","-1,79%"
"06/07/2017","2240","2220","2240","2210","7,24M","0,90%"
"05/07/2017","2220","2260","2280","2220","14,05M","-1,33%"
"04/07/2017","2250","2220","2270","2220","15,86M","1,35%"
"03/07/2017","2220","2210","2250","2200","10,56M","0,45%"
"22/06/2017","2210","2250","2260","2200","15,02M","-1,34%"
"21/06/2017","2240","2230","2240","2220","9,83M","0,90%"
"20/06/2017","2220","2220","2250","2210","11,28M","0,91%"
"19/06/2017","2200","2230","2230","2200","9,18M","-1,35%"
"16/06/2017","2230","2260","2260","2200","14,68M","-1,33%"
"15/06/2017","2260","2260","2280","2240","15,20M","0,00%"
"14/06/2017","2260","2210","2290","2200","35,69M","2,73%"
"13/06/2017","2200","2240","2240","2190","11,00M","-0,45%"
"12/06/2017","2210","2220","2240","2210","11,29M","0,00%"
"09/06/2017","2210","2210","2220","2200","10,02M","0,00%"
"08/06/2017","2210","2230","2230","2210","7,98M","-0,90%"
"07/06/2017","2230","2220","2240","2200","18,34M","1,36%"
"06/06/2017","2200","2250","2280","2200","21,63M","-2,22%"
"05/06/2017","2250","2290","2290","2250","11,20M","-1,32%"
"02/06/2017","2280","2250","2290","2250","4,88M","-0,44%"
"31/05/2017","2290","2280","2300","2260","12,89M","1,33%"
"30/05/2017","2260","2280","2290","2250","6,36M","-0,88%"
"29/05/2017","2280","2320","2350","2270","10,79M","-1,72%"
"26/05/2017","2320","2350","2370","2310","14,81M","-1,28%"
"24/05/2017","2350","2360","2370","2310","9,22M","0,86%"
"23/05/2017","2330","2380","2400","2320","20,74M","-2,10%"
"22/05/2017","2380","2340","2420","2330","51,69M","3,48%"
"19/05/2017","2300","2230","2320","2210","19,56M","3,60%"
"18/05/2017","2220","2220","2240","2210","6,49M","-1,33%"
"17/05/2017","2250","2230","2250","2210","8,33M","0,90%"
"16/05/2017","2230","2250","2270","2210","12,97M","0,00%"
"15/05/2017","2230","2230","2260","2200","14,10M","1,83%"
"12/05/2017","2190","2180","2230","2180","13,63M","0,46%"
"10/05/2017","2180","2250","2280","2180","23,05M","-2,68%"
"09/05/2017","2240","2290","2320","2230","16,66M","-1,75%"
"08/05/2017","2280","2330","2340","2250","15,12M","-0,44%"
"05/05/2017","2290","2230","2310","2220","19,80M","2,69%"
"04/05/2017","2230","2330","2330","2220","15,02M","-3,04%"
"03/05/2017","2300","2330","2340","2280","10,52M","-0,86%"
"02/05/2017","2320","2370","2380","2280","18,03M","-2,11%"
"28/04/2017","2370","2390","2410","2340","14,75M","-0,42%"
"27/04/2017","2380","2400","2430","2380","26,97M","2,15%"
"26/04/2017","2330","2370","2370","2300","9,47M","-1,27%"
"25/04/2017","2360","2390","2400","2360","5,95M","-0,42%"
"21/04/2017","2370","2350","2390","2340","7,86M","1,72%"
"20/04/2017","2330","2370","2370","2310","16,01M","-2,51%"
"18/04/2017","2390","2360","2400","2340","14,98M","2,14%"
"17/04/2017","2340","2390","2400","2320","5,91M","-1,68%"
"13/04/2017","2380","2360","2410","2330","33,54M","0,85%"
"12/04/2017","2360","2220","2370","2220","53,79M","7,76%"
"11/04/2017","2190","2220","2280","2180","33,16M","-0,90%"
"10/04/2017","2210","2290","2290","2190","35,00M","-2,21%"
"07/04/2017","2260","2260","2280","2250","14,52M","0,00%"
"06/04/2017","2260","2300","2330","2260","22,88M","-1,74%"
"05/04/2017","2300","2380","2380","2290","25,31M","-2,54%"
"04/04/2017","2360","2390","2400","2360","10,82M","-1,26%"
"03/04/2017","2390","2410","2430","2370","6,96M","-0,83%"
"31/03/2017","2410","2430","2450","2400","8,74M","-0,82%"
"30/03/2017","2430","2410","2440","2400","10,99M","1,25%"
"29/03/2017","2400","2450","2460","2380","23,45M","-1,23%"
"27/03/2017","2430","2440","2460","2420","14,10M","-1,22%"
"24/03/2017","2460","2500","2510","2450","17,58M","-1,20%"
"23/03/2017","2490","2480","2510","2460","16,50M","1,22%"
"22/03/2017","2460","2480","2480","2450","11,79M","-0,81%"
"21/03/2017","2480","2470","2490","2450","9,89M","1,22%"
"20/03/2017","2450","2490","2500","2440","16,08M","-1,61%"
"17/03/2017","2490","2480","2490","2450","12,26M","1,63%"
"16/03/2017","2450","2480","2480","2450","5,89M","0,00%"
"15/03/2017","2450","2480","2490","2440","11,21M","-1,21%"
"14/03/2017","2480","2480","2500","2460","9,38M","0,40%"
"13/03/2017","2470","2480","2480","2450","5,04M","0,00%"
"10/03/2017","2470","2490","2490","2450","9,52M","-0,40%"
"09/03/2017","2480","2470","2490","2440","16,08M","1,22%"
"08/03/2017","2450","2460","2470","2450","12,92M","0,00%"
"07/03/2017","2450","2470","2510","2450","25,27M","-1,61%"
"06/03/2017","2490","2500","2510","2470","13,31M","0,40%"
"03/03/2017","2480","2540","2540","2480","19,27M","-1,20%"
"02/03/2017","2510","2520","2550","2490","18,53M","0,40%"
"01/03/2017","2500","2520","2520","2460","15,47M","0,00%"
"28/02/2017","2500","2500","2520","2490","8,16M","0,00%"
"27/02/2017","2500","2510","2510","2490","9,95M","0,00%"
"24/02/2017","2500","2560","2560","2490","18,03M","-1,19%"
"23/02/2017","2530","2510","2560","2510","55,27M","2,02%"
"22/02/2017","2480","2500","2500","2460","12,44M","0,00%"
"21/02/2017","2480","2480","2530","2450","24,01M","-0,80%"
"20/02/2017","2500","2510","2520","2490","4,99M","-0,40%"
"17/02/2017","2510","2510","2520","2500","9,60M","0,00%"
"16/02/2017","2510","2530","2530","2490","11,51M","0,00%"
"14/02/2017","2510","2530","2540","2490","25,99M","-0,40%"
"13/02/2017","2520","2500","2530","2480","21,16M","2,02%"
"10/02/2017","2470","2520","2520","2460","28,31M","-0,80%"
"09/02/2017","2490","2520","2520","2480","16,93M","-0,40%"
"08/02/2017","2500","2490","2520","2480","22,83M","0,40%"
"07/02/2017","2490","2530","2530","2470","22,22M","-0,80%"
"06/02/2017","2510","2510","2540","2500","18,72M","0,80%"
"03/02/2017","2490","2530","2550","2490","25,47M","-0,80%"
"02/02/2017","2510","2520","2550","2490","19,14M","-0,40%"
"01/02/2017","2520","2590","2590","2520","28,59M","-1,95%"
"31/01/2017","2570","2460","2590","2460","71,65M","4,47%"
"30/01/2017","2460","2460","2490","2450","12,06M","0,00%"
"27/01/2017","2460","2500","2510","2460","14,67M","-1,60%"
"26/01/2017","2500","2520","2560","2490","30,35M","-0,40%"
"25/01/2017","2510","2500","2530","2480","13,28M","1,62%"
"24/01/2017","2470","2480","2500","2450","4,90M","0,82%"
"23/01/2017","2450","2490","2500","2450","5,87M","-1,21%"
"20/01/2017","2480","2500","2520","2470","6,93M","-0,80%"
"19/01/2017","2500","2550","2550","2500","15,08M","-1,57%"
"18/01/2017","2540","2510","2590","2510","30,31M","0,79%"
"17/01/2017","2520","2510","2540","2490","13,99M","0,40%"
"16/01/2017","2510","2490","2540","2480","18,90M","0,80%"
"13/01/2017","2490","2490","2510","2430","17,63M","0,00%"
"12/01/2017","2490","2490","2510","2480","7,75M","0,40%"
"11/01/2017","2480","2550","2560","2470","30,80M","-1,98%"
"10/01/2017","2530","2440","2550","2420","49,48M","4,55%"
"09/01/2017","2420","2430","2460","2410","20,96M","0,83%"
"06/01/2017","2400","2400","2440","2390","22,80M","0,00%"
"05/01/2017","2400","2450","2460","2390","20,07M","-1,23%"
"04/01/2017","2430","2400","2450","2360","35,03M","1,25%"
"03/01/2017","2400","2380","2430","2340","13,43M","1,69%"
"30/12/2016","2360","2450","2460","2360","24,37M","-2,88%"
"29/12/2016","2430","2430","2460","2400","26,91M","0,41%"
"28/12/2016","2420","2370","2470","2370","20,38M","2,11%"
"27/12/2016","2370","2300","2380","2300","12,12M","3,49%"
"23/12/2016","2290","2320","2350","2270","21,86M","-1,29%"
"22/12/2016","2320","2440","2440","2290","17,37M","-3,33%"
"21/12/2016","2400","2440","2460","2400","9,70M","-0,41%"
"20/12/2016","2410","2470","2470","2410","8,46M","-1,23%"
"19/12/2016","2440","2510","2520","2430","8,36M","-2,40%"
"16/12/2016","2500","2550","2560","2500","12,02M","-1,19%"
"15/12/2016","2530","2400","2560","2390","28,41M","4,12%"
"14/12/2016","2430","2510","2510","2400","9,81M","-2,02%"
"13/12/2016","2480","2520","2530","2460","9,99M","-1,20%"
"09/12/2016","2510","2600","2620","2510","25,61M","-2,33%"
"08/12/2016","2570","2400","2580","2390","61,53M","7,98%"
"07/12/2016","2380","2430","2430","2350","11,68M","-0,83%"
"06/12/2016","2400","2480","2480","2400","20,55M","-2,44%"
"05/12/2016","2460","2460","2490","2440","10,72M","0,41%"
"02/12/2016","2450","2410","2470","2390","14,11M","1,66%"
"01/12/2016","2410","2440","2440","2380","13,07M","-0,82%"
"30/11/2016","2430","2370","2450","2360","39,24M","2,97%"
"29/11/2016","2360","2330","2390","2330","13,62M","1,29%"
"28/11/2016","2330","2440","2440","2330","15,13M","-4,51%"
"25/11/2016","2440","2360","2450","2360","23,61M","3,39%"
"24/11/2016","2360","2460","2460","2360","15,36M","-4,07%"
"23/11/2016","2460","2520","2520","2420","35,33M","-1,60%"
"22/11/2016","2500","2370","2520","2330","69,30M","6,84%"
"21/11/2016","2340","2360","2380","2310","29,93M","-0,85%"
"18/11/2016","2360","2380","2390","2320","16,03M","0,00%"
"17/11/2016","2360","2480","2480","2350","31,51M","-4,84%"
"16/11/2016","2480","2400","2510","2400","10,01M","3,77%"
"15/11/2016","2390","2530","2580","2380","11,27M","-5,53%"
"14/11/2016","2530","2590","2600","2510","7,46M","-1,94%"
"11/11/2016","2580","2590","2660","2550","14,70M","-2,24%"
"10/11/2016","2639","2482","2649","2463","38,99M","7,54%"
"09/11/2016","2454","2454","2473","2371","20,99M","0,37%"
"08/11/2016","2445","2473","2482","2398","19,17M","-0,37%"
"07/11/2016","2454","2408","2463","2398","23,75M","2,72%"
"04/11/2016","2389","2250","2389","2241","26,95M","5,71%"
"03/11/2016","2260","2297","2334","2250","15,97M","-1,61%"
"02/11/2016","2297","2352","2352","2278","14,58M","-2,34%"
"01/11/2016","2352","2408","2408","2334","7,63M","-1,18%"
"31/10/2016","2380","2454","2454","2362","16,53M","-2,66%"
"28/10/2016","2445","2454","2463","2426","4,59M","-0,37%"
"27/10/2016","2454","2463","2482","2436","8,51M","0,00%"
"26/10/2016","2454","2454","2473","2445","7,50M","0,00%"
"25/10/2016","2454","2454","2473","2445","5,85M","0,74%"
"24/10/2016","2436","2454","2463","2436","3,91M","1,16%"
"21/10/2016","2408","2482","2500","2408","6,16M","-2,98%"
"20/10/2016","2482","2500","2519","2482","3,97M","-0,72%"
"19/10/2016","2500","2528","2537","2500","3,50M","-1,46%"
"18/10/2016","2537","2547","2556","2519","4,22M","-0,39%"
"17/10/2016","2547","2528","2565","2519","2,76M","-0,35%"
"14/10/2016","2556","2500","2565","2473","5,40M","1,47%"
"13/10/2016","2519","2556","2565","2510","3,09M","-1,10%"
"12/10/2016","2547","2547","2556","2519","4,08M","0,00%"
"11/10/2016","2547","2593","2593","2500","11,58M","-0,70%"
"10/10/2016","2565","2612","2639","2565","2,57M","-2,14%"
"07/10/2016","2621","2686","2686","2621","3,67M","-0,68%"
"06/10/2016","2639","2695","2723","2639","7,93M","-1,75%"
"05/10/2016","2686","2676","2713","2639","11,72M","0,37%"
"04/10/2016","2676","2741","2760","2630","19,41M","-1,36%"
"03/10/2016","2713","2612","2732","2593","32,46M","4,63%"
"30/09/2016","2593","2584","2612","2547","13,67M","0,35%"
"29/09/2016","2584","2630","2639","2565","19,20M","-1,07%"
"28/09/2016","2612","2473","2621","2463","53,07M","6,44%"
"27/09/2016","2454","2343","2482","2306","68,93M","5,59%"
"26/09/2016","2324","2408","2436","2315","22,18M","-3,49%"
"23/09/2016","2408","2500","2510","2380","53,56M","-5,08%"
"22/09/2016","2537","2630","2630","2528","50,98M","-1,82%"
"21/09/2016","2584","2574","2639","2519","32,35M","0,39%"
"20/09/2016","2574","2602","2621","2556","13,95M","-1,08%"
"19/09/2016","2602","2602","2630","2574","24,69M","0,70%"
"16/09/2016","2584","2556","2639","2537","58,32M","2,95%"
"15/09/2016","2510","2519","2584","2491","78,64M","0,76%"
"14/09/2016","2491","2621","2667","2482","88,88M","-6,60%"
"13/09/2016","2667","2899","2899","2667","45,76M","-8,00%"
"09/09/2016","2899","2973","3010","2880","67,70M","-3,37%"
"08/09/2016","3000","3010","3028","2982","1,99M","-0,92%"
"07/09/2016","3028","3028","3047","3000","7,91M","0,00%"
"06/09/2016","3028","2991","3028","2982","7,74M","0,00%"
"05/09/2016","3028","3056","3065","3000","8,50M","0,00%"
"02/09/2016","3028","3010","3056","3000","12,29M","0,93%"
"01/09/2016","3000","2973","3038","2936","4,62M","0,00%"
"31/08/2016","3000","3019","3028","2936","11,16M","-0,33%"
"30/08/2016","3010","3010","3056","2991","12,68M","0,00%"
"29/08/2016","3010","3056","3084","2973","15,54M","-1,51%"
"26/08/2016","3056","3065","3093","3010","19,87M","0,00%"
"25/08/2016","3056","2982","3084","2982","15,54M","1,53%"
"24/08/2016","3010","3047","3065","2991","4,31M","-0,59%"
"23/08/2016","3028","2991","3056","2954","10,93M","0,93%"
"22/08/2016","3000","2917","3028","2908","6,30M","-0,92%"
"19/08/2016","3028","3056","3065","2963","12,16M","0,00%"
"18/08/2016","3028","2991","3028","2963","8,02M","2,19%"
"16/08/2016","2963","2824","2982","2824","14,24M","5,26%"
"15/08/2016","2815","2908","2908","2778","9,22M","-3,20%"
"12/08/2016","2908","3028","3075","2908","9,05M","-2,77%"
"11/08/2016","2991","2991","3028","2973","11,19M","-0,93%"
"10/08/2016","3019","3028","3038","2982","7,43M","-0,30%"
"09/08/2016","3028","3038","3112","3019","6,68M","-0,33%"
"08/08/2016","3038","3056","3112","2973","11,88M","0,00%"
"05/08/2016","3038","2982","3139","2963","50,26M","2,84%"
"04/08/2016","2954","2806","2991","2806","45,15M","5,95%"
"03/08/2016","2788","2760","2806","2760","17,34M","1,01%"
"02/08/2016","2760","2815","2824","2750","8,68M","-1,64%"
"01/08/2016","2806","2760","2815","2760","9,36M","1,67%"
"29/07/2016","2760","2824","2824","2741","17,61M","-2,27%"
"28/07/2016","2824","2824","2843","2769","19,93M","0,97%"
"27/07/2016","2797","2676","2806","2658","53,45M","5,23%"
"26/07/2016","2658","2676","2676","2649","9,17M","0,34%"
"25/07/2016","2649","2667","2667","2639","7,17M","0,00%"
"22/07/2016","2649","2658","2667","2630","2,97M","0,00%"
"21/07/2016","2649","2649","2667","2630","11,93M","0,00%"
"20/07/2016","2649","2667","2676","2639","8,17M","0,00%"
"19/07/2016","2649","2667","2686","2649","9,47M","-0,67%"
"18/07/2016","2667","2658","2676","2649","9,43M","0,34%"
"15/07/2016","2658","2630","2667","2621","6,12M","0,72%"
"14/07/2016","2639","2658","2686","2630","16,04M","-0,38%"
"13/07/2016","2649","2667","2686","2621","9,83M","0,00%"
"12/07/2016","2649","2676","2676","2630","10,29M","0,38%"
"11/07/2016","2639","2686","2704","2639","11,02M","-1,05%"
"01/07/2016","2667","2713","2723","2639","19,03M","-2,70%"
"30/06/2016","2741","2741","2760","2667","14,52M","0,00%"
"29/06/2016","2741","2750","2778","2732","11,97M","0,33%"
"28/06/2016","2732","2713","2750","2704","20,57M","1,37%"
"27/06/2016","2695","2612","2695","2584","16,36M","1,74%"
"24/06/2016","2649","2686","2713","2500","31,07M","0,00%"
"23/06/2016","2649","2732","2732","2602","26,10M","-3,04%"
"22/06/2016","2732","2741","2750","2649","24,59M","0,00%"
"21/06/2016","2732","2686","2741","2686","35,16M","1,71%"
"20/06/2016","2686","2667","2713","2658","31,22M","2,13%"
"17/06/2016","2630","2621","2667","2612","37,42M","1,43%"
"16/06/2016","2593","2621","2639","2574","24,51M","-0,35%"
"15/06/2016","2602","2482","2621","2473","51,23M","4,08%"
"14/06/2016","2500","2482","2500","2473","8,26M","0,73%"
"13/06/2016","2482","2454","2500","2426","5,69M","1,14%"
"10/06/2016","2454","2500","2500","2454","2,54M","-1,84%"
"09/06/2016","2500","2473","2537","2473","15,54M","1,87%"
"08/06/2016","2454","2445","2473","2445","7,86M","0,37%"
"07/06/2016","2445","2500","2500","2436","10,96M","-1,85%"
"06/06/2016","2491","2426","2500","2417","24,17M","3,06%"
"03/06/2016","2417","2269","2426","2241","30,35M","8,29%"
"02/06/2016","2232","2278","2297","2232","6,02M","-1,63%"
"01/06/2016","2269","2223","2278","2223","8,15M","2,07%"
"31/05/2016","2223","2250","2297","2223","16,08M","-1,64%"
"30/05/2016","2260","2269","2306","2260","9,24M","0,00%"
"27/05/2016","2260","2223","2278","2223","8,74M","1,25%"
"26/05/2016","2232","2260","2269","2186","3,17M","-0,40%"
"25/05/2016","2241","2250","2269","2232","8,05M","0,00%"
"24/05/2016","2241","2260","2287","2204","9,53M","-0,40%"
"23/05/2016","2250","2102","2260","2084","18,85M","8,49%"
"20/05/2016","2074","2056","2102","2037","9,34M","1,32%"
"19/05/2016","2047","2148","2148","2047","10,89M","-3,49%"
"18/05/2016","2121","2148","2167","2111","8,63M","-1,26%"
"17/05/2016","2148","2213","2241","2139","13,81M","-2,54%"
"16/05/2016","2204","2241","2260","2195","8,08M","-2,04%"
"13/05/2016","2250","2269","2306","2241","8,15M","-1,23%"
"12/05/2016","2278","2297","2324","2278","4,82M","-0,83%"
"11/05/2016","2297","2287","2306","2250","4,93M","1,23%"
"10/05/2016","2269","2315","2315","2223","13,27M","-1,99%"
"09/05/2016","2315","2371","2380","2306","6,43M","-2,36%"
"04/05/2016","2371","2445","2445","2352","6,31M","-3,03%"
"03/05/2016","2445","2398","2445","2398","4,23M","2,34%"
"02/05/2016","2389","2463","2463","2232","3,59M","-2,65%"
"29/04/2016","2454","2482","2482","2454","4,30M","-1,84%"
"28/04/2016","2500","2486","2514","2482","6,47M","0,73%"
"27/04/2016","2482","2505","2510","2482","3,26M","-1,27%"
"26/04/2016","2514","2491","2514","2454","6,89M","0,92%"
"25/04/2016","2491","2533","2533","2491","6,63M","-1,66%"
"22/04/2016","2533","2510","2533","2482","12,16M","0,92%"
"21/04/2016","2510","2510","2561","2510","31,27M","0,00%"
"20/04/2016","2510","2463","2519","2454","25,94M","1,91%"
"19/04/2016","2463","2422","2473","2398","13,09M","1,69%"
"18/04/2016","2422","2352","2422","2338","8,05M","2,98%"
"15/04/2016","2352","2417","2431","2334","11,86M","-2,89%"
"14/04/2016","2422","2454","2463","2417","11,96M","-1,14%"
"13/04/2016","2450","2459","2496","2445","12,78M","-0,16%"
"12/04/2016","2454","2440","2459","2436","5,07M","0,37%"
"11/04/2016","2445","2473","2482","2431","9,41M","-0,37%"
"08/04/2016","2454","2422","2473","2417","10,77M","1,32%"
"07/04/2016","2422","2463","2468","2422","9,92M","-1,14%"
"06/04/2016","2450","2445","2463","2440","4,64M","-0,16%"
"05/04/2016","2454","2477","2486","2454","11,17M","-0,93%"
"04/04/2016","2477","2463","2486","2463","14,61M","1,31%"
"01/04/2016","2445","2417","2463","2403","9,66M","1,16%"
"31/03/2016","2417","2408","2431","2403","4,07M","0,96%"
"30/03/2016","2394","2394","2431","2394","6,32M","0,00%"
"29/03/2016","2394","2408","2436","2389","9,97M","-0,58%"
"28/03/2016","2408","2445","2459","2398","8,30M","-1,71%"
"24/03/2016","2450","2454","2468","2440","4,98M","0,00%"
"23/03/2016","2450","2459","2473","2445","5,76M","-0,16%"
"22/03/2016","2454","2450","2482","2445","8,47M","0,16%"
"21/03/2016","2450","2477","2500","2445","9,76M","-1,09%"
"18/03/2016","2477","2519","2528","2473","27,72M","-1,12%"
"17/03/2016","2505","2500","2519","2491","41,93M","1,50%"
"16/03/2016","2468","2362","2491","2352","78,39M","4,71%"
"15/03/2016","2357","2371","2371","2357","16,19M","-0,21%"
"14/03/2016","2362","2385","2385","2362","14,73M","0,00%"
"11/03/2016","2362","2389","2389","2343","13,13M","-0,38%"
"10/03/2016","2371","2389","2389","2343","18,10M","1,41%"
"08/03/2016","2338","2348","2357","2320","20,77M","0,17%"
"07/03/2016","2334","2311","2357","2301","44,08M","2,06%"
"04/03/2016","2287","2287","2311","2246","33,98M","0,79%"
"03/03/2016","2269","2329","2334","2250","70,20M","-2,58%"
"02/03/2016","2329","2426","2436","2320","48,53M","-3,44%"
"01/03/2016","2412","2431","2431","2408","5,25M","0,00%"
"29/02/2016","2412","2408","2431","2394","7,07M","0,17%"
"26/02/2016","2408","2408","2426","2403","11,74M","0,21%"
"25/02/2016","2403","2417","2445","2389","16,03M","-0,95%"
"24/02/2016","2426","2408","2431","2398","14,34M","0,75%"
"23/02/2016","2408","2468","2473","2398","11,97M","-1,87%"
"22/02/2016","2454","2482","2496","2454","6,03M","-1,29%"
"19/02/2016","2486","2514","2514","2463","12,38M","-1,11%"
"18/02/2016","2514","2528","2547","2510","16,08M","0,00%"
"17/02/2016","2514","2537","2542","2514","10,79M","-0,75%"
"16/02/2016","2533","2528","2556","2510","16,00M","0,56%"
"15/02/2016","2519","2514","2533","2500","27,15M","0,56%"
"12/02/2016","2505","2491","2514","2491","17,51M","0,20%"
"11/02/2016","2500","2473","2533","2473","41,21M","0,93%"
"10/02/2016","2477","2450","2486","2450","26,87M","1,10%"
"09/02/2016","2450","2463","2473","2445","13,73M","-1,09%"
"05/02/2016","2477","2482","2510","2473","23,31M","0,00%"
"04/02/2016","2477","2486","2514","2473","18,72M","-0,20%"
"03/02/2016","2482","2505","2505","2468","21,81M","-0,92%"
"02/02/2016","2505","2533","2574","2500","23,32M","-1,46%"
"01/02/2016","2542","2593","2612","2537","11,52M","-1,97%"
"29/01/2016","2593","2588","2602","2547","13,49M","0,74%"
"28/01/2016","2574","2593","2598","2551","7,91M","-0,73%"
"27/01/2016","2593","2593","2607","2579","6,25M","0,35%"
"26/01/2016","2584","2593","2602","2584","5,50M","-0,88%"
"25/01/2016","2607","2621","2630","2598","4,35M","-0,19%"
"22/01/2016","2612","2635","2639","2607","19,88M","0,73%"
"21/01/2016","2593","2612","2658","2574","13,69M","-0,19%"
"20/01/2016","2598","2672","2672","2593","13,47M","-2,07%"
"19/01/2016","2653","2584","2662","2584","10,70M","1,76%"
"18/01/2016","2607","2584","2607","2574","3,33M","-0,19%"
"15/01/2016","2612","2621","2635","2593","6,34M","0,19%"
"14/01/2016","2607","2588","2625","2565","10,26M","-0,53%"
"13/01/2016","2621","2672","2695","2598","18,02M","-1,21%"
"12/01/2016","2653","2649","2667","2639","16,87M","1,07%"
"11/01/2016","2625","2630","2639","2588","11,51M","-0,91%"
"08/01/2016","2649","2639","2676","2612","16,53M","0,38%"
"07/01/2016","2639","2625","2672","2593","14,88M","-0,19%"
"06/01/2016","2644","2565","2653","2561","40,48M","4,01%"
"05/01/2016","2542","2422","2547","2417","26,43M","4,95%"
"04/01/2016","2422","2436","2445","2412","7,99M","-0,94%"
"30/12/2015","2445","2440","2473","2431","10,17M","0,78%"
"29/12/2015","2426","2417","2459","2417","5,08M","-0,21%"
"28/12/2015","2431","2408","2445","2394","9,58M","0,96%"
"23/12/2015","2408","2445","2445","2408","7,10M","-0,37%"
"22/12/2015","2417","2408","2426","2394","6,15M","0,37%"
"21/12/2015","2408","2445","2445","2348","21,96M","-1,51%"
"18/12/2015","2445","2454","2463","2440","10,08M","-1,29%"
"17/12/2015","2477","2477","2519","2454","10,47M","1,68%"
"16/12/2015","2436","2436","2450","2422","18,35M","0,41%"
"15/12/2015","2426","2440","2463","2403","16,96M","-0,57%"
"14/12/2015","2440","2450","2459","2417","10,54M","-1,49%"
"11/12/2015","2477","2491","2500","2473","9,10M","-0,56%"
"10/12/2015","2491","2524","2528","2486","6,14M","-1,66%"
"08/12/2015","2533","2547","2556","2491","15,96M","-1,25%"
"07/12/2015","2565","2524","2574","2524","10,12M","0,71%"
"04/12/2015","2547","2574","2584","2528","12,07M","-1,96%"
"03/12/2015","2598","2588","2625","2584","5,76M","0,00%"
"02/12/2015","2598","2667","2667","2593","5,35M","-2,07%"
"01/12/2015","2653","2653","2658","2635","6,01M","1,76%"
"30/11/2015","2607","2602","2653","2570","5,70M","-0,69%"
"27/11/2015","2625","2690","2690","2612","5,81M","-1,91%"
"26/11/2015","2676","2676","2690","2672","7,00M","0,53%"
"25/11/2015","2662","2644","2681","2639","8,10M","0,87%"
"24/11/2015","2639","2658","2676","2639","4,32M","-0,71%"
"23/11/2015","2658","2709","2732","2658","7,22M","-1,19%"
"20/11/2015","2690","2639","2700","2625","24,28M","2,48%"
"19/11/2015","2625","2616","2653","2598","6,89M","1,23%"
"18/11/2015","2593","2616","2621","2584","2,77M","-0,54%"
"17/11/2015","2607","2574","2625","2574","4,38M","2,20%"
"16/11/2015","2551","2556","2561","2514","5,36M","-1,28%"
"13/11/2015","2584","2588","2602","2537","4,36M","-1,41%"
"12/11/2015","2621","2561","2625","2561","5,93M","2,54%"
"11/11/2015","2556","2579","2584","2519","4,04M","0,20%"
"10/11/2015","2551","2500","2588","2491","10,64M","0,91%"
"09/11/2015","2528","2681","2681","2514","13,13M","-5,39%"
"06/11/2015","2672","2662","2681","2653","3,48M","0,53%"
"05/11/2015","2658","2672","2704","2649","9,31M","-0,34%"
"04/11/2015","2667","2644","2704","2644","14,09M","1,21%"
"03/11/2015","2635","2639","2667","2602","16,27M","1,62%"
"02/11/2015","2593","2676","2676","2574","13,52M","-4,77%"
"30/10/2015","2723","2732","2750","2676","5,24M","0,37%"
"29/10/2015","2713","2862","2866","2713","8,25M","-4,87%"
"28/10/2015","2852","2838","2871","2824","5,62M","0,14%"
"27/10/2015","2848","2811","2871","2811","7,36M","-1,76%"
"26/10/2015","2899","2880","2917","2880","7,98M","0,66%"
"23/10/2015","2880","2894","2908","2862","10,86M","2,13%"
"22/10/2015","2820","2871","2885","2820","9,17M","-1,78%"
"21/10/2015","2871","2852","2903","2834","19,46M","1,31%"
"20/10/2015","2834","2741","2880","2741","25,13M","2,87%"
"19/10/2015","2755","2741","2774","2741","2,92M","0,69%"
"16/10/2015","2736","2792","2806","2736","6,45M","-1,69%"
"15/10/2015","2783","2848","2871","2769","10,03M","-1,45%"
"13/10/2015","2824","2769","2834","2723","15,14M","1,66%"
"12/10/2015","2778","2778","2857","2755","8,94M","-0,50%"
"09/10/2015","2792","2769","2806","2750","24,06M","2,53%"
"08/10/2015","2723","2732","2769","2695","16,84M","0,70%"
"07/10/2015","2704","2644","2732","2644","21,64M","3,01%"
"06/10/2015","2625","2736","2750","2607","30,67M","-3,60%"
"05/10/2015","2723","2477","2732","2463","29,45M","12,01%"
"02/10/2015","2431","2491","2500","2422","4,71M","-1,50%"
"01/10/2015","2468","2412","2473","2389","7,05M","2,92%"
"30/09/2015","2398","2398","2426","2362","4,54M","0,00%"
"29/09/2015","2398","2408","2436","2301","11,41M","-1,72%"
"28/09/2015","2440","2473","2491","2417","7,62M","-0,93%"
"25/09/2015","2463","2408","2482","2408","5,99M","1,32%"
"23/09/2015","2431","2436","2436","2412","7,91M","-0,94%"
"22/09/2015","2454","2491","2510","2445","6,85M","-1,29%"
"21/09/2015","2486","2482","2537","2477","7,28M","-0,96%"
"18/09/2015","2510","2547","2621","2510","14,47M","-0,55%"
"17/09/2015","2524","2491","2528","2459","6,51M","2,48%"
"16/09/2015","2463","2491","2524","2454","6,40M","-0,57%"
"15/09/2015","2477","2445","2477","2422","3,48M","1,31%"
"14/09/2015","2445","2537","2542","2436","6,51M","-1,65%"
"11/09/2015","2486","2528","2551","2486","5,03M","-1,31%"
"10/09/2015","2519","2500","2565","2482","4,99M","-1,45%"
"09/09/2015","2556","2584","2602","2537","11,07M","1,83%"
"08/09/2015","2510","2426","2510","2422","22,97M","3,25%"
"07/09/2015","2431","2565","2588","2426","12,24M","-4,55%"
"04/09/2015","2547","2658","2658","2547","16,46M","-4,82%"
"03/09/2015","2676","2565","2704","2565","21,87M","5,85%"
"02/09/2015","2528","2500","2593","2468","7,85M","0,00%"
"01/09/2015","2528","2547","2556","2496","9,98M","-1,29%"
"31/08/2015","2561","2473","2625","2450","18,28M","3,56%"
"28/08/2015","2473","2561","2574","2463","12,47M","-1,47%"
"27/08/2015","2510","2417","2542","2417","19,98M","6,09%"
"26/08/2015","2366","2380","2398","2297","14,46M","-0,59%"
"25/08/2015","2380","2320","2468","2320","31,16M","4,48%"
"24/08/2015","2278","2315","2343","2195","27,52M","-6,64%"
"21/08/2015","2440","2482","2486","2380","29,67M","-3,14%"
"20/08/2015","2519","2510","2528","2482","16,64M","0,20%"
"19/08/2015","2514","2505","2542","2500","18,39M","0,36%"
"18/08/2015","2505","2561","2570","2477","22,24M","-2,00%"
"14/08/2015","2556","2482","2565","2436","26,26M","3,57%"
"13/08/2015","2468","2315","2482","2306","27,28M","8,10%"
"12/08/2015","2283","2306","2311","2255","19,41M","-3,14%"
"11/08/2015","2357","2473","2486","2334","14,20M","-3,95%"
"10/08/2015","2454","2454","2473","2431","6,43M","-0,77%"
"07/08/2015","2473","2473","2500","2454","14,25M","-0,36%"
"06/08/2015","2482","2491","2528","2473","24,77M","0,00%"
"05/08/2015","2482","2477","2510","2454","29,60M","1,14%"
"04/08/2015","2454","2482","2496","2445","10,30M","-0,77%"
"03/08/2015","2473","2463","2500","2454","19,57M","0,57%"
"31/07/2015","2459","2450","2524","2426","51,07M","0,37%"
"30/07/2015","2450","2612","2625","2431","9,67M","-5,51%"
"29/07/2015","2593","2667","2695","2593","7,06M","-1,07%"
"28/07/2015","2621","2676","2746","2616","8,73M","-3,57%"
"27/07/2015","2718","2778","2871","2709","5,63M","-3,31%"
"24/07/2015","2811","2871","2871","2806","5,97M","-2,26%"
"23/07/2015","2876","2852","2889","2852","2,44M","0,00%"
"22/07/2015","2876","2852","2908","2852","8,15M","0,84%"
"15/07/2015","2852","2917","2931","2852","4,72M","-2,23%"
"14/07/2015","2917","2940","2954","2899","25,09M","0,00%"
"13/07/2015","2917","2871","2940","2852","15,66M","1,78%"
"10/07/2015","2866","2778","2866","2760","22,14M","3,69%"
"09/07/2015","2764","2695","2769","2639","14,75M","1,17%"
"08/07/2015","2732","2755","2797","2686","28,19M","-0,83%"
"07/07/2015","2755","2681","2778","2672","27,40M","4,40%"
"06/07/2015","2639","2644","2709","2625","10,34M","-2,40%"
"03/07/2015","2704","2681","2750","2653","29,64M","0,86%"
"02/07/2015","2681","2403","2774","2403","39,05M","12,65%"
"01/07/2015","2380","2338","2398","2329","10,66M","2,59%"
"30/06/2015","2320","2315","2380","2297","15,12M","-0,17%"
"29/06/2015","2324","2389","2389","2311","12,67M","-3,85%"
"26/06/2015","2417","2459","2468","2412","6,79M","-1,87%"
"25/06/2015","2463","2496","2528","2450","6,11M","-1,48%"
"24/06/2015","2500","2556","2570","2500","7,10M","-1,85%"
"23/06/2015","2547","2551","2574","2519","10,11M","0,39%"
"22/06/2015","2537","2524","2561","2505","13,64M","0,52%"
"19/06/2015","2524","2528","2579","2514","16,89M","1,32%"
"18/06/2015","2491","2500","2519","2445","10,08M","0,73%"
"17/06/2015","2473","2473","2519","2445","9,77M","2,70%"
"16/06/2015","2408","2362","2450","2324","10,59M","1,95%"
"15/06/2015","2362","2463","2468","2357","14,45M","-4,10%"
"12/06/2015","2463","2551","2565","2440","7,62M","-3,45%"
"11/06/2015","2551","2593","2612","2547","9,10M","-0,20%"
"10/06/2015","2556","2593","2630","2547","19,01M","-1,43%"
"09/06/2015","2593","2704","2709","2524","24,11M","-4,42%"
"08/06/2015","2713","2824","2829","2713","6,13M","-3,79%"
"05/06/2015","2820","2894","2894","2801","6,52M","-2,56%"
"04/06/2015","2894","2899","2954","2894","7,87M","0,00%"
"03/06/2015","2894","2778","2894","2764","8,47M","2,48%"
"01/06/2015","2824","2880","2917","2778","10,47M","-2,89%"
"29/05/2015","2908","2940","2945","2899","7,98M","-0,48%"
"28/05/2015","2922","2950","2968","2912","4,38M","-0,61%"
"27/05/2015","2940","3010","3042","2931","11,75M","-3,07%"
"26/05/2015","3033","3088","3102","3019","7,09M","-1,78%"
"25/05/2015","3088","3102","3112","3056","6,58M","-0,45%"
"22/05/2015","3102","3102","3112","3084","5,81M","0,29%"
"21/05/2015","3093","3112","3139","3061","19,11M","0,16%"
"20/05/2015","3088","3005","3121","2954","32,71M","3,07%"
"19/05/2015","2996","2862","3005","2820","16,71M","4,68%"
"18/05/2015","2862","2862","2899","2843","8,94M","-0,14%"
"15/05/2015","2866","2871","2871","2834","4,09M","0,49%"
"13/05/2015","2852","2876","2876","2806","16,91M","-0,83%"
"12/05/2015","2876","2871","2894","2843","15,84M","-0,62%"
"11/05/2015","2894","2894","2931","2866","14,09M","0,80%"
"08/05/2015","2871","2806","2894","2806","31,22M","2,65%"
"07/05/2015","2797","2750","2917","2704","72,14M","1,71%"
"06/05/2015","2750","2676","2760","2649","49,68M","2,77%"
"05/05/2015","2676","2736","2788","2625","25,38M","-2,87%"
"04/05/2015","2755","2760","2811","2658","10,15M","-0,33%"
"30/04/2015","2764","2982","3024","2713","63,34M","-7,74%"
"29/04/2015","2996","3130","3149","2852","28,28M","-4,01%"
"28/04/2015","3121","3121","3167","3093","14,00M","0,00%"
"27/04/2015","3121","3255","3255","3098","12,60M","-3,97%"
"24/04/2015","3250","3241","3278","3241","4,70M","-0,58%"
"23/04/2015","3269","3320","3329","3260","8,30M","-1,27%"
"22/04/2015","3311","3306","3334","3302","6,77M","-0,27%"
"21/04/2015","3320","3343","3343","3302","6,85M","0,55%"
"20/04/2015","3302","3288","3315","3274","4,52M","-0,39%"
"17/04/2015","3315","3288","3334","3283","9,29M","0,70%"
"16/04/2015","3292","3292","3320","3283","13,05M","0,70%"
"15/04/2015","3269","3250","3311","3241","9,60M","0,58%"
"14/04/2015","3250","3241","3269","3204","9,45M","-0,43%"
"13/04/2015","3264","3269","3297","3250","7,77M","-1,00%"
"10/04/2015","3297","3329","3338","3297","11,05M","-0,96%"
"09/04/2015","3329","3334","3352","3292","17,00M","0,00%"
"08/04/2015","3329","3260","3334","3186","29,68M","3,00%"
"07/04/2015","3232","3084","3241","3079","18,45M","5,45%"
"06/04/2015","3065","3102","3126","3065","8,11M","-1,19%"
"02/04/2015","3102","3149","3181","3093","20,34M","-2,64%"
"01/04/2015","3186","3223","3232","3176","9,13M","-1,58%"
"31/03/2015","3237","3190","3237","3158","20,52M","2,50%"
"30/03/2015","3158","3107","3176","3107","7,71M","1,64%"
"27/03/2015","3107","3149","3176","3075","14,59M","-1,33%"
"26/03/2015","3149","3172","3209","3139","16,12M","-1,44%"
"25/03/2015","3195","3255","3264","3195","17,19M","-1,84%"
"24/03/2015","3255","3306","3329","3195","6,41M","-1,27%"
"23/03/2015","3297","3343","3362","3292","7,45M","-1,11%"
"20/03/2015","3334","3315","3343","3288","10,65M","0,57%"
"19/03/2015","3315","3306","3343","3288","27,83M","1,41%"
"18/03/2015","3269","3149","3269","3130","20,59M","4,14%"
"17/03/2015","3139","3167","3176","3130","21,48M","-0,32%"
"16/03/2015","3149","3121","3172","3112","3,53M","-0,13%"
"13/03/2015","3153","3227","3241","3121","19,76M","-1,47%"
"12/03/2015","3200","3186","3250","3186","12,78M","0,31%"
"11/03/2015","3190","3158","3214","3149","19,55M","-1,15%"
"10/03/2015","3227","3176","3255","3144","15,34M","1,73%"
"09/03/2015","3172","3237","3237","3162","19,56M","-2,28%"
"06/03/2015","3246","3264","3278","3246","11,54M","-0,28%"
"05/03/2015","3255","3250","3292","3250","12,12M","-0,85%"
"04/03/2015","3283","3329","3343","3237","18,56M","-1,38%"
"03/03/2015","3329","3399","3399","3325","6,86M","-0,98%"
"02/03/2015","3362","3380","3389","3357","7,68M","-0,80%"
"27/02/2015","3389","3403","3408","3380","6,16M","-0,41%"
"26/02/2015","3403","3403","3417","3380","6,26M","0,12%"
"25/02/2015","3399","3389","3417","3376","13,20M","0,56%"
"24/02/2015","3380","3413","3417","3376","11,00M","-0,82%"
"23/02/2015","3408","3380","3426","3366","39,24M","1,25%"
"20/02/2015","3366","3311","3394","3306","35,96M","1,94%"
"18/02/2015","3302","3264","3320","3237","25,73M","2,01%"
"17/02/2015","3237","3241","3260","3218","28,34M","0,59%"
"16/02/2015","3218","3283","3288","3204","21,14M","-1,41%"
"13/02/2015","3264","3306","3311","3260","12,95M","-0,15%"
"12/02/2015","3269","3288","3306","3260","17,16M","-0,70%"
"11/02/2015","3292","3311","3352","3292","22,49M","-0,15%"
"10/02/2015","3297","3371","3371","3292","21,13M","-1,64%"
"09/02/2015","3352","3399","3399","3334","11,82M","-0,42%"
"06/02/2015","3366","3380","3417","3362","15,41M","-0,15%"
"05/02/2015","3371","3417","3477","3366","31,30M","-0,41%"
"04/02/2015","3385","3565","3607","3343","65,83M","-4,19%"
"03/02/2015","3533","3501","3570","3496","34,81M","1,32%"
"02/02/2015","3487","3468","3491","3440","17,89M","0,55%"
"30/01/2015","3468","3417","3514","3417","43,79M","1,91%"
"29/01/2015","3403","3380","3413","3371","24,22M","0,00%"
"28/01/2015","3403","3352","3413","3343","14,10M","1,22%"
"27/01/2015","3362","3315","3376","3288","21,97M","2,25%"
"26/01/2015","3288","3357","3394","3283","34,76M","-2,87%"
"23/01/2015","3385","3403","3445","3385","25,49M","0,42%"
"22/01/2015","3371","3348","3389","3315","31,66M","1,26%"
"21/01/2015","3329","3334","3362","3306","9,22M","-0,15%"
"20/01/2015","3334","3329","3348","3302","13,33M","0,42%"
"19/01/2015","3320","3306","3348","3297","12,29M","0,55%"
"16/01/2015","3302","3334","3376","3292","11,91M","-1,78%"
"15/01/2015","3362","3292","3376","3292","13,83M","2,25%"
"14/01/2015","3288","3371","3389","3283","16,05M","-1,91%"
"13/01/2015","3352","3352","3376","3343","5,52M","0,54%"
"12/01/2015","3334","3389","3426","3320","18,23M","-2,03%"
"09/01/2015","3403","3445","3454","3399","15,33M","-0,15%"
"08/01/2015","3408","3403","3468","3403","31,06M","0,83%"
"07/01/2015","3380","3302","3389","3297","29,11M","2,67%"
"06/01/2015","3292","3283","3320","3200","41,59M","-0,57%"
"05/01/2015","3311","3408","3426","3302","14,34M","-2,70%"
"02/01/2015","3403","3408","3454","3394","8,89M","-0,15%"
"30/12/2014","3408","3445","3607","3362","17,57M","-1,07%"
"29/12/2014","3445","3297","3454","3274","14,23M","5,22%"
"24/12/2014","3274","3176","3278","3172","15,87M","3,22%"
"23/12/2014","3172","3102","3195","3093","16,33M","2,55%"
"22/12/2014","3093","3121","3130","3065","10,88M","-0,16%"
"19/12/2014","3098","3065","3116","3061","22,77M","2,31%"
"18/12/2014","3028","2996","3075","2996","33,79M","2,19%"
"17/12/2014","2963","2940","2996","2940","33,66M","-0,64%"
"16/12/2014","2982","3033","3033","2936","23,73M","-2,26%"
"15/12/2014","3051","3065","3070","3033","10,14M","-1,52%"
"12/12/2014","3098","3079","3102","3047","15,67M","1,37%"
"11/12/2014","3056","3028","3079","3019","18,21M","0,30%"
"10/12/2014","3047","2885","3051","2885","37,63M","5,62%"
"09/12/2014","2885","2880","2936","2852","13,99M","-0,14%"
"08/12/2014","2889","2963","2968","2871","14,10M","-2,20%"
"05/12/2014","2954","2940","2963","2936","5,58M","0,00%"
"04/12/2014","2954","2959","2977","2936","9,37M","-0,17%"
"03/12/2014","2959","2982","3010","2936","25,96M","-0,60%"
"02/12/2014","2977","2903","2991","2903","34,76M","3,05%"
"01/12/2014","2889","2792","2908","2792","44,19M","3,81%"
"28/11/2014","2783","2783","2815","2769","14,63M","0,18%"
"27/11/2014","2778","2801","2806","2769","11,52M","-0,68%"
"26/11/2014","2797","2806","2806","2746","11,76M","-0,14%"
"25/11/2014","2801","2811","2824","2783","9,58M","-0,36%"
"24/11/2014","2811","2806","2843","2806","12,82M","1,01%"
"21/11/2014","2783","2778","2815","2778","13,59M","0,00%"
"20/11/2014","2783","2843","2843","2764","23,54M","-2,28%"
"19/11/2014","2848","2862","2908","2838","14,13M","-0,14%"
"18/11/2014","2852","2755","2876","2755","58,59M","4,24%"
"17/11/2014","2736","2686","2746","2672","31,04M","1,86%"
"14/11/2014","2686","2630","2727","2630","36,33M","1,24%"
"13/11/2014","2653","2630","2662","2630","7,53M","0,00%"
"12/11/2014","2653","2667","2686","2644","11,53M","-0,52%"
"11/11/2014","2667","2579","2672","2579","19,53M","4,14%"
"10/11/2014","2561","2579","2602","2556","6,81M","0,20%"
"07/11/2014","2556","2547","2584","2547","13,21M","-0,35%"
"06/11/2014","2565","2612","2616","2547","18,97M","-1,08%"
"05/11/2014","2593","2649","2653","2588","10,19M","-2,11%"
"04/11/2014","2649","2681","2686","2639","8,63M","-0,49%"
"03/11/2014","2662","2667","2667","2653","5,33M","0,49%"
"31/10/2014","2649","2686","2695","2649","9,30M","-1,01%"
"30/10/2014","2676","2686","2700","2649","17,61M","-0,37%"
"29/10/2014","2686","2644","2695","2644","17,02M","1,59%"
"28/10/2014","2644","2681","2704","2625","16,34M","-1,38%"
"27/10/2014","2681","2658","2700","2658","10,76M","0,00%"
"24/10/2014","2681","2695","2700","2644","9,12M","-0,70%"
"23/10/2014","2700","2695","2713","2681","10,83M","0,00%"
"22/10/2014","2700","2704","2718","2695","8,24M","0,37%"
"21/10/2014","2690","2667","2695","2625","9,18M","0,86%"
"20/10/2014","2667","2686","2718","2667","28,38M","0,34%"
"17/10/2014","2658","2616","2676","2612","28,79M","-5,07%"
"16/10/2014","2800","2750","2840","2730","32,52M","1,45%"
"15/10/2014","2760","2690","2785","2690","27,49M","3,18%"
"14/10/2014","2675","2575","2690","2565","22,49M","3,28%"
"13/10/2014","2590","2550","2595","2535","8,32M","1,17%"
"10/10/2014","2560","2500","2570","2495","13,43M","-1,16%"
"09/10/2014","2590","2550","2615","2535","25,00M","3,60%"
"08/10/2014","2500","2500","2550","2475","18,27M","-2,15%"
"07/10/2014","2555","2490","2560","2490","33,33M","2,61%"
"06/10/2014","2490","2510","2520","2420","26,55M","0,00%"
"03/10/2014","2490","2610","2635","2485","50,57M","-4,60%"
"02/10/2014","2610","2640","2660","2595","34,95M","-3,87%"
"01/10/2014","2715","2605","2720","2605","32,94M","4,22%"
"30/09/2014","2605","2605","2655","2585","17,42M","0,00%"
"29/09/2014","2605","2680","2695","2580","30,93M","-2,25%"
"26/09/2014","2665","2800","2800","2645","62,76M","-6,16%"
"25/09/2014","2840","2865","2865","2825","10,24M","0,00%"
"24/09/2014","2840","2845","2870","2835","12,27M","-0,18%"
"23/09/2014","2845","2850","2870","2840","7,67M","-0,87%"
"22/09/2014","2870","2875","2900","2860","9,20M","-0,69%"
"19/09/2014","2890","2860","2920","2845","22,96M","1,76%"
"18/09/2014","2840","2855","2880","2830","13,28M","-0,18%"
"17/09/2014","2845","2820","2865","2820","24,90M","0,35%"
"16/09/2014","2835","2890","2890","2835","6,51M","-1,39%"
"15/09/2014","2875","2870","2885","2840","4,92M","0,17%"
"12/09/2014","2870","2870","2890","2865","11,83M","0,00%"
"11/09/2014","2870","2845","2880","2845","10,07M","0,88%"
"10/09/2014","2845","2830","2850","2805","22,38M","0,18%"
"09/09/2014","2840","2890","2895","2830","22,11M","-1,39%"
"08/09/2014","2880","2920","2935","2875","9,89M","-0,86%"
"05/09/2014","2905","2865","2925","2865","13,55M","0,69%"
"04/09/2014","2885","2935","2950","2880","14,78M","-1,70%"
"03/09/2014","2935","2870","2940","2845","20,13M","2,98%"
"02/09/2014","2850","2850","2880","2850","6,02M","0,00%"
"01/09/2014","2850","2870","2895","2845","7,97M","-0,70%"
"29/08/2014","2870","2845","2895","2830","11,99M","1,06%"
"28/08/2014","2840","2840","2875","2840","5,51M","0,35%"
"27/08/2014","2830","2820","2850","2805","20,53M","1,07%"
"26/08/2014","2800","2915","2915","2790","28,35M","-3,95%"
"25/08/2014","2915","2940","2950","2880","5,92M","-0,34%"
"22/08/2014","2925","2960","2990","2925","19,09M","-0,51%"
"21/08/2014","2940","2895","2950","2870","29,62M","1,55%"
"20/08/2014","2895","2885","2900","2855","15,08M","0,35%"
"19/08/2014","2885","2860","2910","2860","28,26M","1,58%"
"18/08/2014","2840","2795","2855","2795","29,79M","1,79%"
"15/08/2014","2790","2760","2800","2755","6,24M","0,72%"
"14/08/2014","2770","2800","2815","2755","12,29M","-0,72%"
"13/08/2014","2790","2775","2815","2765","33,59M","0,90%"
"12/08/2014","2765","2675","2805","2675","61,08M","3,75%"
"11/08/2014","2665","2635","2685","2620","20,37M","2,11%"
"08/08/2014","2610","2640","2650","2610","24,54M","-1,51%"
"07/08/2014","2650","2620","2675","2620","12,14M","0,19%"
"06/08/2014","2645","2680","2685","2635","16,99M","-1,67%"
"05/08/2014","2690","2625","2710","2620","22,15M","2,87%"
"04/08/2014","2615","2610","2640","2595","20,50M","-1,32%"
"25/07/2014","2650","2675","2695","2610","12,98M","-0,75%"
"24/07/2014","2670","2710","2730","2660","13,29M","-1,48%"
"23/07/2014","2710","2810","2825","2710","24,08M","-1,99%"
"22/07/2014","2765","2820","2855","2660","47,19M","-1,25%"
"21/07/2014","2800","2675","2860","2675","52,63M","5,66%"
"18/07/2014","2650","2575","2670","2550","18,14M","2,12%"
"17/07/2014","2595","2590","2640","2590","14,48M","-0,76%"
"16/07/2014","2615","2620","2650","2590","33,66M","0,19%"
"15/07/2014","2610","2500","2620","2500","30,00M","3,98%"
"14/07/2014","2510","2465","2525","2420","19,73M","1,83%"
"11/07/2014","2465","2515","2515","2460","36,99M","-1,40%"
"10/07/2014","2500","2475","2525","2450","135,82M","2,67%"
"09/07/2014","2435","2440","2460","2410","33,36M","0,00%"
"08/07/2014","2435","2440","2460","2410","33,36M","0,21%"
"07/07/2014","2430","2330","2450","2330","51,86M","4,74%"
"04/07/2014","2320","2250","2325","2250","17,11M","2,20%"
"03/07/2014","2270","2220","2275","2205","15,82M","2,25%"
"02/07/2014","2220","2220","2230","2205","5,49M","0,23%"
"01/07/2014","2215","2215","2225","2205","5,53M","0,00%"
"30/06/2014","2215","2175","2220","2175","15,04M","1,84%"
"27/06/2014","2175","2180","2190","2160","7,33M","-0,23%"
"26/06/2014","2180","2160","2185","2160","8,66M","0,93%"
"25/06/2014","2160","2220","2225","2155","9,03M","-2,70%"
"24/06/2014","2220","2145","2230","2145","25,35M","2,78%"
"23/06/2014","2160","2175","2180","2155","9,91M","-0,92%"
"20/06/2014","2180","2180","2210","2175","8,01M","0,00%"
"19/06/2014","2180","2220","2245","2180","11,41M","-2,02%"
"18/06/2014","2225","2250","2260","2215","8,00M","-1,55%"
"17/06/2014","2260","2260","2280","2255","6,54M","-0,66%"
"16/06/2014","2275","2250","2285","2250","11,54M","0,22%"
"13/06/2014","2270","2250","2290","2250","20,56M","-1,30%"
"12/06/2014","2300","2295","2310","2275","17,25M","0,00%"
"11/06/2014","2300","2230","2305","2230","28,77M","3,60%"
"10/06/2014","2220","2195","2235","2195","7,77M","0,68%"
"09/06/2014","2205","2290","2290","2200","18,77M","-3,08%"
"06/06/2014","2275","2320","2330","2275","5,82M","-1,73%"
"05/06/2014","2315","2340","2340","2310","10,39M","-0,64%"
"04/06/2014","2330","2310","2345","2305","20,50M","0,87%"
"03/06/2014","2310","2300","2325","2275","17,93M","0,22%"
"02/06/2014","2305","2340","2345","2250","17,00M","-1,71%"
"30/05/2014","2345","2360","2370","2340","18,34M","-0,21%"
"28/05/2014","2350","2355","2365","2345","6,68M","-0,42%"
"26/05/2014","2360","2390","2390","2355","14,43M","-0,63%"
"23/05/2014","2375","2410","2410","2355","20,52M","-0,63%"
"22/05/2014","2390","2375","2400","2365","25,49M","1,27%"
"21/05/2014","2360","2350","2365","2295","29,35M","0,85%"
"20/05/2014","2340","2330","2370","2285","52,25M","0,00%"
"19/05/2014","2340","2435","2475","2285","107,15M","-2,90%"
"16/05/2014","2410","2400","2445","2395","37,54M","0,42%"
"14/05/2014","2400","2345","2440","2345","62,79M","2,35%"
"13/05/2014","2345","2355","2365","2335","19,25M","0,21%"
"12/05/2014","2340","2360","2385","2335","40,71M","-0,43%"
"09/05/2014","2350","2350","2375","2325","69,92M","0,43%"
"08/05/2014","2340","2295","2355","2295","77,72M","2,41%"
"07/05/2014","2285","2235","2295","2230","46,26M","2,24%"
"06/05/2014","2235","2260","2270","2235","14,31M","-0,89%"
"05/05/2014","2255","2265","2275","2245","10,75M","-0,44%"
"02/05/2014","2265","2275","2280","2250","15,14M","0,00%"
"30/04/2014","2265","2305","2315","2265","28,94M","-1,31%"
"29/04/2014","2295","2275","2305","2260","40,15M","0,22%"
"28/04/2014","2290","2330","2335","2290","58,46M","-1,72%"
"25/04/2014","2330","2240","2355","2230","146,59M","4,95%"
"24/04/2014","2220","2145","2240","2145","86,60M","2,78%"
"23/04/2014","2160","2185","2200","2145","29,24M","-1,14%"
"22/04/2014","2185","2200","2200","2145","31,86M","-0,23%"
"21/04/2014","2190","2235","2240","2185","21,82M","-1,79%"
"17/04/2014","2230","2250","2270","2215","28,64M","-0,45%"
"16/04/2014","2240","2280","2290","2230","37,14M","-1,10%"
"15/04/2014","2265","2290","2315","2255","53,70M","0,00%"
"14/04/2014","2265","2120","2290","2120","104,98M","6,84%"
"11/04/2014","2120","2070","2150","2050","97,41M","-0,47%"
"10/04/2014","2130","2390","2390","2095","168,19M","-12,70%"
"08/04/2014","2440","2510","2525","2410","62,43M","-2,98%"
"07/04/2014","2515","2485","2535","2475","34,88M","0,80%"
"04/04/2014","2495","2505","2515","2490","14,49M","-0,20%"
"03/04/2014","2500","2510","2520","2480","30,92M","0,20%"
"02/04/2014","2495","2450","2515","2450","61,87M","2,46%"
"01/04/2014","2435","2405","2445","2380","40,27M","1,88%"
"28/03/2014","2390","2395","2405","2350","12,86M","-0,21%"
"27/03/2014","2395","2405","2425","2395","14,88M","-0,42%"
"26/03/2014","2405","2380","2415","2370","17,42M","1,91%"
"25/03/2014","2360","2385","2405","2350","23,69M","-1,05%"
"24/03/2014","2385","2365","2390","2335","12,80M","1,06%"
"21/03/2014","2360","2365","2375","2265","32,88M","1,07%"
"20/03/2014","2335","2380","2380","2320","54,67M","-3,11%"
"19/03/2014","2410","2420","2440","2400","23,10M","0,00%"
"18/03/2014","2410","2475","2505","2380","64,09M","-2,23%"
"17/03/2014","2465","2500","2500","2415","76,54M","-1,00%"
"14/03/2014","2490","2250","2500","2240","79,68M","9,21%"
"13/03/2014","2280","2250","2290","2250","26,65M","2,01%"
"12/03/2014","2235","2250","2295","2235","24,87M","-1,97%"
"11/03/2014","2280","2265","2315","2265","43,89M","1,11%"
"10/03/2014","2255","2235","2275","2215","29,31M","0,89%"
"07/03/2014","2235","2295","2300","2225","45,73M","-1,97%"
"06/03/2014","2280","2280","2300","2240","54,89M","0,00%"
"05/03/2014","2280","2255","2300","2255","48,47M","2,01%"
"04/03/2014","2235","2165","2240","2165","59,40M","3,71%"
"03/03/2014","2155","2135","2165","2120","30,55M","0,47%"
"28/02/2014","2145","2150","2185","2130","73,44M","0,00%"
"27/02/2014","2145","2080","2150","2080","62,44M","3,13%"
"26/02/2014","2080","2075","2100","2060","49,00M","0,24%"
"25/02/2014","2075","2020","2090","2005","97,85M","3,49%"
"24/02/2014","2005","1995","2025","1985","36,77M","0,50%"
"21/02/2014","1995","1960","2010","1960","58,74M","2,84%"
"20/02/2014","1940","1990","1990","1925","69,46M","-2,76%"
"19/02/2014","1995","2070","2070","1980","69,94M","-3,62%"
"18/02/2014","2070","2095","2115","2050","35,49M","-0,96%"
"17/02/2014","2090","2040","2095","2040","39,10M","3,21%"
"14/02/2014","2025","2000","2045","2000","23,90M","2,02%"
"13/02/2014","1985","1975","2010","1970","19,04M","0,00%"
"12/02/2014","1985","2005","2015","1980","18,27M","0,00%"
"11/02/2014","1985","1980","2000","1970","26,41M","-0,25%"
"10/02/2014","1990","2030","2045","1975","19,09M","-1,97%"
"07/02/2014","2030","2060","2060","2005","22,12M","-0,25%"
"06/02/2014","2035","2045","2055","2025","28,74M","0,74%"
"05/02/2014","2020","1970","2020","1965","33,42M","3,32%"
"04/02/2014","1955","1900","1965","1900","17,91M","-1,01%"
"03/02/2014","1975","1950","1990","1950","15,65M","1,28%"
"30/01/2014","1950","1890","1970","1875","31,18M","1,04%"
"29/01/2014","1930","1870","1940","1870","33,66M","3,76%"
"28/01/2014","1860","1845","1875","1840","10,02M","1,36%"
"27/01/2014","1835","1850","1875","1830","18,83M","-4,43%"
"24/01/2014","1920","1890","1940","1880","19,50M","0,26%"
"23/01/2014","1915","1835","1940","1835","42,25M","3,79%"
"22/01/2014","1845","1905","1920","1805","55,71M","-3,15%"
"21/01/2014","1905","1950","1955","1905","21,23M","-1,55%"
"20/01/2014","1935","1930","1975","1925","18,85M","-1,02%"
"17/01/2014","1955","1900","1985","1870","28,92M","1,30%"
"16/01/2014","1930","1940","1960","1905","23,77M","-0,52%"
"15/01/2014","1940","1950","1970","1895","30,52M","0,00%"
"13/01/2014","1940","1790","1940","1790","52,15M","8,99%"
"10/01/2014","1780","1665","1780","1660","32,52M","7,55%"
"09/01/2014","1655","1640","1670","1625","11,53M","0,61%"
"08/01/2014","1645","1600","1645","1585","7,74M","4,11%"
"07/01/2014","1580","1625","1625","1580","4,41M","-2,77%"
"06/01/2014","1625","1660","1660","1610","5,71M","-2,11%"
"03/01/2014","1660","1640","1660","1620","9,99M","0,00%"
"02/01/2014","1660","1600","1660","1600","14,13M","5,06%"
"01/01/2014","1580","1600","1600","1570","5,69M","0,00%"
"30/12/2013","1580","1600","1600","1570","5,69M","0,00%"
"27/12/2013","1580","1580","1600","1570","3,28M","0,64%"
"24/12/2013","1570","1560","1580","1540","5,83M","1,29%"
"23/12/2013","1550","1590","1610","1550","5,37M","-3,13%"
"20/12/2013","1600","1600","1640","1590","11,39M","-1,23%"
"19/12/2013","1620","1670","1690","1620","18,15M","-1,82%"
"18/12/2013","1650","1640","1650","1620","8,04M","1,85%"
"17/12/2013","1620","1640","1650","1620","7,87M","0,00%"
"16/12/2013","1620","1640","1640","1590","9,42M","-1,22%"
"13/12/2013","1640","1650","1680","1630","5,70M","-1,20%"
"12/12/2013","1660","1660","1700","1650","25,44M","0,00%"
"11/12/2013","1660","1640","1680","1640","27,02M","1,22%"
"10/12/2013","1640","1700","1710","1640","30,60M","-2,38%"
"09/12/2013","1680","1720","1730","1680","11,77M","-0,59%"
"06/12/2013","1690","1720","1750","1680","16,45M","-2,31%"
"05/12/2013","1730","1740","1740","1680","16,00M","-0,57%"
"04/12/2013","1740","1760","1770","1730","14,25M","-2,25%"
"03/12/2013","1780","1800","1810","1760","36,15M","-0,56%"
"02/12/2013","1790","1650","1810","1650","49,42M","8,48%"
"29/11/2013","1650","1610","1650","1610","10,10M","2,48%"
"28/11/2013","1610","1650","1660","1600","8,72M","-1,23%"
"27/11/2013","1630","1640","1650","1610","13,43M","0,62%"
"26/11/2013","1620","1720","1730","1610","15,23M","-5,81%"
"25/11/2013","1720","1710","1730","1700","14,61M","1,78%"
"22/11/2013","1690","1700","1720","1680","21,23M","1,20%"
"21/11/2013","1670","1680","1700","1650","12,15M","-1,76%"
"20/11/2013","1700","1700","1730","1680","23,43M","1,19%"
"19/11/2013","1680","1690","1700","1650","18,06M","0,60%"
"18/11/2013","1670","1690","1710","1660","18,36M","0,00%"
"15/11/2013","1670","1740","1750","1650","27,13M","-2,34%"
"14/11/2013","1710","1680","1730","1670","42,28M","3,64%"
"13/11/2013","1650","1700","1700","1610","28,57M","-4,07%"
"12/11/2013","1720","1800","1820","1710","21,31M","-4,44%"
"11/11/2013","1800","1860","1870","1780","18,00M","-2,70%"
"08/11/2013","1850","1870","1870","1840","7,34M","-1,07%"
"07/11/2013","1870","1850","1900","1850","18,03M","1,08%"
"06/11/2013","1850","1860","1900","1840","18,45M","-1,07%"
"04/11/2013","1870","1870","1890","1850","21,60M","0,00%"
"01/11/2013","1870","1900","1950","1860","28,75M","-2,60%"
"31/10/2013","1920","2000","2000","1910","32,47M","-5,19%"
"30/10/2013","2025","2025","2050","1990","29,49M","0,00%"
"29/10/2013","2025","2050","2075","1990","15,39M","-1,22%"
"28/10/2013","2050","2075","2125","2025","27,48M","0,00%"
"25/10/2013","2050","2075","2075","2025","20,54M","0,00%"
"24/10/2013","2050","1970","2050","1960","50,12M","4,06%"
"23/10/2013","1970","1950","1990","1950","16,53M","1,55%"
"22/10/2013","1940","1970","1980","1940","13,44M","-1,52%"
"21/10/2013","1970","1980","1990","1960","30,43M","0,51%"
"18/10/2013","1960","1900","1970","1880","30,15M","3,70%"
"17/10/2013","1890","1900","1910","1880","7,46M","0,53%"
"16/10/2013","1880","1910","1910","1870","9,12M","-0,53%"
"11/10/2013","1890","1890","1910","1870","27,94M","1,07%"
"10/10/2013","1870","1850","1870","1840","13,56M","1,63%"
"09/10/2013","1840","1850","1880","1830","17,28M","-1,08%"
"08/10/2013","1860","1830","1890","1830","20,38M","1,64%"
"07/10/2013","1830","1940","1960","1820","39,13M","-5,67%"
"04/10/2013","1940","1950","1960","1920","36,62M","-1,02%"
"03/10/2013","1960","1990","2000","1950","8,37M","0,00%"
"02/10/2013","1960","1990","2025","1960","21,20M","0,51%"
"01/10/2013","1950","1920","1990","1920","16,54M","1,56%"
"30/09/2013","1920","1940","1970","1920","23,30M","-2,54%"
"27/09/2013","1970","2000","2025","1960","20,20M","-0,51%"
"26/09/2013","1980","1900","2025","1900","34,69M","3,13%"
"25/09/2013","1920","1940","1970","1900","16,40M","-1,03%"
"24/09/2013","1940","1980","2050","1940","37,67M","-2,51%"
"23/09/2013","1990","1980","2025","1960","17,67M","-1,73%"
"20/09/2013","2025","2050","2125","2000","38,61M","-3,57%"
"19/09/2013","2100","1950","2125","1950","112,15M","15,38%"
"18/09/2013","1820","1880","1910","1810","30,69M","-3,19%"
"17/09/2013","1880","1970","1980","1870","38,20M","-3,09%"
"16/09/2013","1940","1910","2025","1910","72,46M","3,19%"
"13/09/2013","1880","1870","1940","1840","94,47M","0,53%"
"12/09/2013","1870","1740","1870","1740","82,46M","8,72%"
"11/09/2013","1720","1800","1840","1720","56,02M","-2,82%"
"10/09/2013","1770","1710","1770","1700","76,21M","4,73%"
"09/09/2013","1690","1680","1710","1650","35,07M","3,05%"
"06/09/2013","1640","1710","1710","1620","13,07M","-2,96%"
"05/09/2013","1690","1780","1790","1680","22,27M","-3,43%"
"04/09/2013","1750","1740","1790","1720","19,92M","0,57%"
"03/09/2013","1740","1750","1780","1730","19,48M","0,58%"
"02/09/2013","1730","1750","1840","1710","37,51M","-0,57%"
"30/08/2013","1740","1700","1780","1690","44,19M","2,35%"
"29/08/2013","1700","1680","1740","1650","48,06M","1,80%"
"28/08/2013","1670","1400","1670","1350","61,13M","14,38%"
"27/08/2013","1460","1600","1600","1450","26,55M","-9,32%"
"26/08/2013","1610","1730","1750","1600","44,65M","-4,17%"
"23/08/2013","1680","1740","1850","1680","86,74M","-1,18%"
"22/08/2013","1700","1910","1930","1700","74,46M","-11,92%"
"21/08/2013","1930","1860","1960","1840","35,04M","3,21%"
"20/08/2013","1870","1880","1910","1790","38,94M","-2,60%"
"19/08/2013","1920","2100","2100","1920","44,92M","-9,65%"
"16/08/2013","2125","2150","2150","2075","9,58M","-3,41%"
"15/08/2013","2200","2175","2200","2150","11,85M","0,00%"
"14/08/2013","2200","2200","2250","2150","16,22M","0,00%"
"13/08/2013","2200","2050","2200","2050","25,65M","6,02%"
"12/08/2013","2075","2075","2125","2050","5,84M","-1,19%"
"02/08/2013","2100","2150","2150","2075","10,84M","0,00%"
"01/08/2013","2100","2100","2150","2075","13,64M","1,20%"
"31/07/2013","2075","2075","2125","2025","16,97M","0,00%"
"30/07/2013","2075","2125","2175","2050","12,92M","-2,35%"
"29/07/2013","2125","2125","2125","2050","13,60M","0,00%"
"26/07/2013","2125","2175","2175","2100","5,41M","-2,30%"
"25/07/2013","2175","2125","2175","2050","22,09M","2,35%"
"24/07/2013","2125","2225","2250","2100","24,91M","-3,41%"
"23/07/2013","2200","2225","2250","2175","15,87M","1,15%"
"22/07/2013","2175","2175","2225","2125","26,37M","1,16%"
"19/07/2013","2150","2250","2300","2150","21,79M","-4,44%"
"18/07/2013","2250","2175","2325","2175","52,57M","3,45%"
"17/07/2013","2175","2150","2200","2100","39,92M","1,16%"
"16/07/2013","2150","2000","2225","1990","87,85M","8,59%"
"15/07/2013","1980","1920","2000","1910","22,83M","3,66%"
"12/07/2013","1910","2050","2075","1910","36,11M","-5,68%"
"11/07/2013","2025","1960","2100","1950","85,71M","4,38%"
"10/07/2013","1940","1690","1970","1640","129,52M","14,79%"
"09/07/2013","1690","1780","1790","1590","102,16M","-3,98%"
"08/07/2013","1760","1890","1920","1730","34,67M","-8,33%"
"05/07/2013","1920","1920","1950","1840","47,82M","0,52%"
"04/07/2013","1910","2025","2075","1880","37,82M","-4,50%"
"03/07/2013","2000","2175","2175","2000","35,24M","-8,05%"
"02/07/2013","2175","2150","2200","2100","22,07M","1,16%"
"01/07/2013","2150","2075","2175","2050","18,39M","4,88%"
"28/06/2013","2050","2150","2200","2050","26,23M","-3,53%"
"27/06/2013","2125","2125","2200","2100","35,33M","2,41%"
"26/06/2013","2075","2100","2125","2000","38,73M","0,00%"
"25/06/2013","2075","2025","2100","1930","57,32M","3,75%"
"24/06/2013","2000","2225","2250","2000","44,63M","-10,11%"
"21/06/2013","2225","2175","2250","2050","41,99M","2,30%"
"20/06/2013","2175","2300","2300","2150","29,13M","-6,45%"
"19/06/2013","2325","2425","2450","2325","16,57M","-3,13%"
"18/06/2013","2400","2350","2450","2350","34,22M","3,23%"
"17/06/2013","2325","2400","2500","2300","45,34M","-3,13%"
"14/06/2013","2400","2300","2425","2300","27,08M","5,49%"
"13/06/2013","2275","2225","2325","2150","50,03M","-1,09%"
"12/06/2013","2300","2100","2325","2050","62,31M","8,24%"
"11/06/2013","2125","2350","2375","2100","51,43M","-9,57%"
"10/06/2013","2350","2450","2525","2275","21,23M","-1,05%"
"07/06/2013","2375","2450","2450","2325","17,73M","-3,06%"
"05/06/2013","2450","2550","2600","2450","40,43M","-4,85%"
"04/06/2013","2575","2600","2675","2350","49,44M","-0,96%"
"03/06/2013","2600","2825","2875","2575","27,94M","-7,96%"
"31/05/2013","2825","2850","2900","2775","16,47M","-1,74%"
"30/05/2013","2875","2750","2875","2700","29,36M","3,60%"
"29/05/2013","2775","2725","2825","2675","27,93M","1,83%"
"28/05/2013","2725","2625","2750","2600","38,30M","3,81%"
"27/05/2013","2625","2600","2625","2550","11,62M","1,94%"
"24/05/2013","2575","2525","2625","2525","20,29M","1,98%"
"23/05/2013","2525","2625","2625","2475","26,50M","-3,81%"
"22/05/2013","2625","2550","2625","2500","13,23M","5,00%"
"21/05/2013","2500","2575","2625","2500","15,79M","-2,91%"
"20/05/2013","2575","2575","2625","2550","11,83M","0,98%"
"17/05/2013","2550","2575","2575","2550","4,56M","-0,97%"
"16/05/2013","2575","2625","2650","2550","16,35M","-0,96%"
"15/05/2013","2600","2600","2625","2575","16,20M","0,97%"
"14/05/2013","2575","2600","2625","2525","12,76M","-0,96%"
"13/05/2013","2600","2600","2650","2550","13,20M","0,00%"
"10/05/2013","2600","2600","2650","2550","6,30M","0,97%"
"08/05/2013","2575","2625","2650","2575","17,28M","-1,90%"
"07/05/2013","2625","2450","2650","2425","33,88M","7,14%"
"06/05/2013","2450","2400","2500","2400","20,47M","2,08%"
"03/05/2013","2400","2475","2525","2375","34,31M","-1,03%"
"02/05/2013","2425","2425","2475","2400","9,35M","-2,02%"
"01/05/2013","2475","2400","2500","2400","14,58M","3,13%"
"30/04/2013","2400","2425","2475","2375","20,95M","-1,03%"
"29/04/2013","2425","2325","2450","2325","36,77M","4,30%"
"26/04/2013","2325","2250","2325","2200","22,99M","5,68%"
"25/04/2013","2200","2250","2275","2175","12,99M","-2,22%"
"24/04/2013","2250","2225","2300","2225","8,96M","2,27%"
"23/04/2013","2200","2200","2250","2200","10,98M","0,00%"
"22/04/2013","2200","2250","2275","2150","20,49M","-2,22%"
"19/04/2013","2250","2300","2375","2250","19,78M","-2,17%"
"18/04/2013","2300","2225","2325","2200","20,56M","3,37%"
"17/04/2013","2225","2225","2275","2225","15,02M","0,00%"
"16/04/2013","2225","2100","2250","2100","24,64M","3,49%"
"15/04/2013","2150","2175","2200","2100","8,34M","-2,27%"
"12/04/2013","2200","2150","2250","2125","27,20M","3,53%"
"11/04/2013","2125","1970","2150","1970","33,21M","7,87%"
"10/04/2013","1970","2000","2050","1950","13,76M","-1,50%"
"09/04/2013","2000","2050","2075","1990","22,48M","-2,44%"
"08/04/2013","2050","2125","2125","2025","12,01M","-3,53%"
"05/04/2013","2125","2050","2125","2025","20,20M","4,94%"
"04/04/2013","2025","2075","2125","2025","26,84M","-4,71%"
"03/04/2013","2125","2075","2125","2050","27,58M","2,41%"
"02/04/2013","2075","2050","2100","2000","21,64M","1,22%"
"01/04/2013","2050","2025","2050","1990","18,03M","1,23%"
"28/03/2013","2025","2025","2050","1970","33,85M","0,00%"
"27/03/2013","2025","2000","2075","1990","40,12M","2,27%"
"26/03/2013","1980","1940","2025","1940","27,58M","1,02%"
"25/03/2013","1960","1860","1970","1860","45,55M","5,38%"
"22/03/2013","1860","1950","1970","1850","48,88M","-4,62%"
"21/03/2013","1950","2025","2025","1950","37,53M","-2,50%"
"20/03/2013","2000","1830","2025","1820","93,56M","9,89%"
"19/03/2013","1820","1770","1850","1760","41,37M","3,41%"
"18/03/2013","1760","1760","1770","1740","18,42M","-0,56%"
"15/03/2013","1770","1720","1770","1710","31,52M","3,51%"
"14/03/2013","1710","1770","1770","1680","52,21M","-2,84%"
"13/03/2013","1760","1790","1810","1760","23,87M","-1,68%"
"11/03/2013","1790","1820","1840","1780","11,62M","-1,65%"
"08/03/2013","1820","1820","1870","1810","34,36M","0,00%"
"07/03/2013","1820","1840","1860","1810","19,77M","-1,09%"
"06/03/2013","1840","1770","1850","1770","56,52M","3,95%"
"05/03/2013","1770","1730","1780","1720","28,69M","2,31%"
"04/03/2013","1730","1760","1770","1720","26,37M","-1,70%"
"01/03/2013","1760","1770","1790","1750","36,00M","-0,56%"
"28/02/2013","1770","1700","1780","1690","90,42M","4,73%"
"27/02/2013","1690","1670","1700","1670","26,03M","1,81%"
"26/02/2013","1660","1650","1680","1640","19,39M","0,61%"
"25/02/2013","1650","1660","1680","1650","16,78M","-0,60%"
"22/02/2013","1660","1660","1680","1650","15,97M","0,00%"
"21/02/2013","1660","1680","1700","1650","37,10M","-1,19%"
"20/02/2013","1680","1630","1690","1630","41,33M","2,44%"
"19/02/2013","1640","1670","1680","1640","6,46M","-1,20%"
"18/02/2013","1660","1650","1680","1640","22,46M","0,61%"
"15/02/2013","1650","1650","1670","1650","12,70M","0,00%"
"14/02/2013","1650","1650","1680","1650","20,60M","0,00%"
"13/02/2013","1650","1630","1660","1630","11,84M","1,23%"
"12/02/2013","1630","1630","1640","1620","3,81M","0,00%"
"11/02/2013","1630","1630","1640","1620","4,04M","0,00%"
"08/02/2013","1630","1650","1660","1630","16,89M","-0,61%"
"07/02/2013","1640","1610","1660","1600","35,27M","1,86%"
"06/02/2013","1610","1620","1630","1600","18,60M","0,00%"
"05/02/2013","1610","1640","1640","1590","37,60M","-1,83%"
"04/02/2013","1640","1640","1710","1640","43,53M","0,00%"
"01/02/2013","1640","1650","1680","1630","15,75M","-0,61%"
"31/01/2013","1650","1660","1660","1630","11,91M","0,00%"
"30/01/2013","1650","1660","1670","1640","9,74M","-0,60%"
"29/01/2013","1660","1660","1670","1650","7,85M","0,00%"
"28/01/2013","1660","1690","1690","1640","17,10M","-1,19%"
"25/01/2013","1680","1670","1700","1660","13,76M","0,60%"
"23/01/2013","1670","1710","1720","1650","18,72M","-1,76%"
"22/01/2013","1700","1640","1700","1620","23,07M","3,66%"
"21/01/2013","1640","1660","1680","1630","11,57M","-0,61%"
"18/01/2013","1650","1690","1700","1650","10,04M","-2,37%"
"17/01/2013","1690","1720","1730","1660","12,06M","-1,17%"
"16/01/2013","1710","1650","1730","1650","40,22M","3,01%"
"15/01/2013","1660","1640","1680","1600","17,45M","1,22%"
"14/01/2013","1640","1650","1660","1620","7,10M","0,00%"
"11/01/2013","1640","1660","1690","1620","20,89M","-0,61%"
"10/01/2013","1650","1590","1700","1590","58,16M","3,77%"
"09/01/2013","1590","1540","1600","1530","45,81M","3,92%"
"08/01/2013","1530","1530","1550","1510","16,28M","0,66%"
"07/01/2013","1520","1530","1540","1510","12,18M","-0,65%"
"04/01/2013","1530","1530","1540","1510","28,27M","0,00%"
"03/01/2013","1530","1550","1560","1530","16,85M","0,00%"
"02/01/2013","1530","1480","1550","1470","28,81M","3,38%"