"Tanggal","Terakhir","Pembukaan","Tertinggi","Terendah","Vol.","Perubahan%"
"28/12/2018","3.750","3.770","3.780","3.750","48,22M","0,00%"
"27/12/2018","3.750","3.780","3.790","3.730","49,98M","0,54%"
"26/12/2018","3.730","3.730","3.750","3.700","50,42M","-0,80%"
"21/12/2018","3.760","3.700","3.770","3.700","114,75M","0,53%"
"20/12/2018","3.740","3.810","3.810","3.720","100,13M","-1,84%"
"19/12/2018","3.810","3.740","3.810","3.740","81,54M","1,87%"
"18/12/2018","3.740","3.700","3.740","3.680","79,83M","0,81%"
"17/12/2018","3.710","3.740","3.770","3.710","86,25M","-0,54%"
"14/12/2018","3.730","3.800","3.840","3.730","139,55M","-0,53%"
"13/12/2018","3.750","3.680","3.780","3.660","118,97M","2,74%"
"12/12/2018","3.650","3.660","3.670","3.620","87,33M","0,83%"
"11/12/2018","3.620","3.640","3.670","3.610","88,05M","-1,63%"
"10/12/2018","3.680","3.650","3.720","3.610","70,09M","0,27%"
"07/12/2018","3.670","3.700","3.710","3.660","92,90M","-1,08%"
"06/12/2018","3.710","3.740","3.770","3.700","62,16M","-1,59%"
"05/12/2018","3.770","3.740","3.800","3.730","58,42M","-0,26%"
"04/12/2018","3.780","3.720","3.780","3.720","121,59M","2,16%"
"03/12/2018","3.700","3.740","3.770","3.700","106,89M","0,54%"
"30/11/2018","3.680","3.760","3.780","3.680","151,55M","-1,60%"
"29/11/2018","3.740","3.770","3.810","3.710","120,92M","0,54%"
"28/11/2018","3.720","3.890","3.900","3.710","195,86M","-4,12%"
"27/11/2018","3.880","3.940","3.950","3.850","116,42M","-2,76%"
"26/11/2018","3.990","3.980","4.000","3.950","43,88M","0,00%"
"23/11/2018","3.990","3.980","4.000","3.950","35,50M","0,25%"
"22/11/2018","3.980","3.910","3.990","3.910","52,28M","0,51%"
"21/11/2018","3.960","3.860","3.960","3.850","97,53M","0,25%"
"19/11/2018","3.950","4.050","4.050","3.930","72,79M","-2,47%"
"16/11/2018","4.050","3.930","4.110","3.920","128,60M","3,58%"
"15/11/2018","3.910","3.800","3.940","3.790","71,44M","4,27%"
"14/11/2018","3.750","3.860","3.880","3.750","72,97M","-2,09%"
"13/11/2018","3.830","3.810","3.850","3.750","89,82M","-0,78%"
"12/11/2018","3.860","3.890","3.950","3.860","57,26M","-1,53%"
"09/11/2018","3.920","3.960","3.960","3.920","45,24M","-2,00%"
"08/11/2018","4.000","3.970","4.000","3.920","74,00M","1,27%"
"07/11/2018","3.950","3.900","3.950","3.870","98,35M","1,54%"
"06/11/2018","3.890","3.930","3.930","3.820","58,09M","0,00%"
"05/11/2018","3.890","3.850","3.910","3.850","60,12M","-1,27%"
"02/11/2018","3.940","3.900","3.940","3.880","98,07M","1,55%"
"01/11/2018","3.880","3.850","3.880","3.810","69,59M","0,78%"
"31/10/2018","3.850","3.850","3.870","3.730","140,35M","1,32%"
"30/10/2018","3.800","3.640","3.850","3.630","158,93M","3,83%"
"29/10/2018","3.660","3.630","3.660","3.580","54,30M","0,83%"
"26/10/2018","3.630","3.580","3.660","3.580","100,55M","2,25%"
"25/10/2018","3.550","3.490","3.580","3.460","120,11M","0,85%"
"24/10/2018","3.520","3.700","3.710","3.520","117,67M","-4,86%"
"23/10/2018","3.700","3.800","3.800","3.670","53,27M","-2,63%"
"22/10/2018","3.800","3.730","3.830","3.730","57,68M","1,88%"
"19/10/2018","3.730","3.700","3.770","3.690","140,16M","-0,80%"
"18/10/2018","3.760","3.840","3.880","3.720","102,32M","-3,59%"
"17/10/2018","3.900","3.800","3.910","3.800","122,95M","3,17%"
"16/10/2018","3.780","3.680","3.780","3.680","98,10M","3,28%"
"15/10/2018","3.660","3.700","3.750","3.650","68,47M","-0,54%"
"12/10/2018","3.680","3.630","3.700","3.620","87,99M","3,08%"
"11/10/2018","3.570","3.500","3.640","3.480","114,42M","-0,83%"
"10/10/2018","3.600","3.640","3.640","3.560","31,94M","0,28%"
"09/10/2018","3.590","3.530","3.620","3.520","58,71M","1,99%"
"08/10/2018","3.520","3.500","3.530","3.470","71,89M","-0,28%"
"05/10/2018","3.530","3.540","3.600","3.530","59,27M","-1,94%"
"04/10/2018","3.600","3.570","3.600","3.510","82,55M","0,00%"
"03/10/2018","3.600","3.570","3.640","3.570","46,61M","-0,55%"
"02/10/2018","3.620","3.640","3.670","3.580","61,39M","-1,36%"
"01/10/2018","3.670","3.610","3.690","3.610","45,50M","0,82%"
"28/09/2018","3.640","3.600","3.670","3.600","116,70M","1,68%"
"27/09/2018","3.580","3.580","3.590","3.550","49,55M","1,13%"
"26/09/2018","3.540","3.550","3.590","3.540","51,06M","-0,56%"
"25/09/2018","3.560","3.540","3.560","3.520","25,35M","0,56%"
"24/09/2018","3.540","3.590","3.600","3.510","48,10M","-1,67%"
"21/09/2018","3.600","3.630","3.630","3.550","98,58M","0,00%"
"20/09/2018","3.600","3.590","3.640","3.570","80,19M","1,41%"
"19/09/2018","3.550","3.580","3.610","3.540","88,14M","-0,56%"
"18/09/2018","3.570","3.470","3.590","3.440","132,57M","2,88%"
"17/09/2018","3.470","3.550","3.570","3.430","95,43M","-3,34%"
"14/09/2018","3.590","3.470","3.600","3.470","156,54M","4,06%"
"13/09/2018","3.450","3.370","3.470","3.370","115,20M","3,92%"
"12/09/2018","3.320","3.380","3.390","3.310","81,22M","-1,78%"
"10/09/2018","3.380","3.380","3.400","3.350","48,74M","-0,29%"
"07/09/2018","3.390","3.360","3.390","3.320","99,45M","0,89%"
"06/09/2018","3.360","3.250","3.380","3.250","172,29M","2,75%"
"05/09/2018","3.270","3.400","3.400","3.250","183,86M","-4,39%"
"04/09/2018","3.420","3.500","3.510","3.410","77,62M","-2,01%"
"03/09/2018","3.490","3.520","3.550","3.480","46,01M","0,00%"
"31/08/2018","3.490","3.500","3.520","3.460","109,92M","-0,57%"
"30/08/2018","3.510","3.580","3.590","3.510","80,35M","-1,96%"
"29/08/2018","3.580","3.560","3.610","3.520","126,71M","0,00%"
"28/08/2018","3.580","3.480","3.600","3.480","224,12M","3,47%"
"27/08/2018","3.460","3.330","3.480","3.310","142,92M","5,17%"
"24/08/2018","3.290","3.290","3.340","3.270","103,48M","-0,30%"
"23/08/2018","3.300","3.390","3.390","3.290","209,40M","-1,49%"
"21/08/2018","3.350","3.400","3.440","3.350","126,75M","-1,18%"
"20/08/2018","3.390","3.420","3.450","3.370","163,13M","1,19%"
"16/08/2018","3.350","3.390","3.430","3.350","112,65M","-2,33%"
"15/08/2018","3.430","3.350","3.450","3.310","95,53M","2,39%"
"14/08/2018","3.350","3.360","3.440","3.330","108,19M","-0,59%"
"13/08/2018","3.370","3.440","3.450","3.360","106,12M","-3,71%"
"10/08/2018","3.500","3.510","3.540","3.480","79,85M","0,29%"
"09/08/2018","3.490","3.520","3.550","3.490","110,45M","-1,69%"
"08/08/2018","3.550","3.600","3.600","3.520","109,08M","-0,84%"
"07/08/2018","3.580","3.650","3.670","3.570","111,02M","-1,92%"
"06/08/2018","3.650","3.480","3.670","3.480","231,85M","5,49%"
"03/08/2018","3.460","3.480","3.490","3.430","224,01M","-1,14%"
"02/08/2018","3.500","3.550","3.590","3.450","171,28M","-1,41%"
"01/08/2018","3.550","3.570","3.600","3.500","190,72M","-0,56%"
"31/07/2018","3.570","3.830","3.830","3.550","339,08M","-8,70%"
"30/07/2018","3.910","3.890","3.950","3.890","49,05M","-0,76%"
"27/07/2018","3.940","3.910","3.950","3.890","52,51M","0,25%"
"26/07/2018","3.930","3.920","3.940","3.890","55,76M","0,77%"
"25/07/2018","3.900","4.060","4.060","3.900","55,62M","-3,23%"
"24/07/2018","4.030","4.090","4.090","4.030","64,35M","-0,74%"
"23/07/2018","4.060","4.030","4.090","4.010","74,61M","1,75%"
"20/07/2018","3.990","3.900","3.990","3.890","66,46M","2,05%"
"19/07/2018","3.910","4.000","4.000","3.910","65,34M","-2,49%"
"18/07/2018","4.010","3.910","4.030","3.890","75,16M","1,78%"
"17/07/2018","3.940","3.970","3.970","3.890","53,74M","0,00%"
"16/07/2018","3.940","3.970","4.030","3.860","66,23M","-1,99%"
"13/07/2018","4.020","4.080","4.100","3.970","120,85M","-1,95%"
"12/07/2018","4.100","4.050","4.110","4.040","114,53M","0,99%"
"11/07/2018","4.060","4.000","4.080","3.960","144,06M","0,74%"
"10/07/2018","4.030","3.990","4.050","3.960","118,13M","1,26%"
"09/07/2018","3.980","3.900","4.000","3.880","68,80M","3,11%"
"06/07/2018","3.860","3.850","3.890","3.830","67,66M","0,78%"
"05/07/2018","3.830","3.800","3.830","3.760","59,72M","1,86%"
"04/07/2018","3.760","3.700","3.810","3.630","54,88M","1,62%"
"03/07/2018","3.700","3.740","3.740","3.670","79,44M","-1,33%"
"02/07/2018","3.750","3.800","3.800","3.710","55,81M","0,00%"
"29/06/2018","3.750","3.650","3.750","3.640","79,12M","2,46%"
"28/06/2018","3.660","3.700","3.720","3.660","133,78M","-1,35%"
"27/06/2018","3.710","3.690","3.780","3.690","106,62M","0,54%"
"26/06/2018","3.690","3.600","3.700","3.600","91,25M","0,82%"
"25/06/2018","3.660","3.630","3.690","3.600","97,83M","2,23%"
"22/06/2018","3.580","3.610","3.630","3.540","121,49M","-0,83%"
"21/06/2018","3.610","3.650","3.700","3.610","123,85M","-2,70%"
"20/06/2018","3.710","3.540","3.710","3.510","295,39M","2,77%"
"08/06/2018","3.610","3.710","3.730","3.600","260,40M","-4,24%"
"07/06/2018","3.770","3.800","3.830","3.770","122,72M","-0,53%"
"06/06/2018","3.790","3.790","3.830","3.760","143,55M","-1,04%"
"05/06/2018","3.830","3.680","3.860","3.660","181,38M","5,22%"
"04/06/2018","3.640","3.540","3.660","3.530","141,75M","3,41%"
"31/05/2018","3.520","3.600","3.610","3.500","255,20M","-2,22%"
"30/05/2018","3.600","3.600","3.730","3.590","148,93M","-2,44%"
"28/05/2018","3.690","3.580","3.700","3.560","90,30M","3,65%"
"25/05/2018","3.560","3.540","3.590","3.530","66,37M","0,00%"
"24/05/2018","3.560","3.480","3.590","3.480","84,18M","2,59%"
"23/05/2018","3.470","3.460","3.530","3.450","110,63M","0,00%"
"22/05/2018","3.470","3.420","3.500","3.420","78,67M","1,46%"
"21/05/2018","3.420","3.490","3.490","3.410","57,21M","-2,01%"
"18/05/2018","3.490","3.520","3.530","3.400","75,75M","0,00%"
"17/05/2018","3.490","3.510","3.610","3.490","179,03M","0,29%"
"16/05/2018","3.480","3.280","3.530","3.250","205,41M","3,26%"
"15/05/2018","3.370","3.520","3.530","3.350","230,99M","-4,80%"
"14/05/2018","3.540","3.560","3.610","3.500","161,02M","-2,48%"
"11/05/2018","3.630","3.700","3.750","3.620","121,00M","-1,89%"
"09/05/2018","3.700","3.600","3.780","3.530","149,69M","2,21%"
"08/05/2018","3.620","3.650","3.670","3.570","107,38M","-4,74%"
"07/05/2018","3.800","3.750","3.820","3.730","97,35M","1,88%"
"04/05/2018","3.730","3.700","3.750","3.650","80,89M","-0,27%"
"03/05/2018","3.740","3.850","3.860","3.740","91,60M","-3,36%"
"02/05/2018","3.870","3.810","3.880","3.780","118,87M","1,04%"
"30/04/2018","3.830","3.750","3.870","3.750","95,42M","2,68%"
"27/04/2018","3.730","3.750","3.760","3.650","82,18M","2,19%"
"26/04/2018","3.650","3.820","3.820","3.610","137,46M","-3,44%"
"25/04/2018","3.780","3.830","3.830","3.760","69,62M","-1,31%"
"24/04/2018","3.830","3.810","3.830","3.770","81,40M","2,13%"
"23/04/2018","3.750","3.720","3.780","3.720","72,36M","0,27%"
"20/04/2018","3.740","3.750","3.780","3.720","37,00M","-1,06%"
"19/04/2018","3.780","3.750","3.780","3.750","34,03M","0,27%"
"18/04/2018","3.770","3.720","3.770","3.710","65,93M","2,17%"
"17/04/2018","3.690","3.700","3.730","3.670","69,53M","-0,27%"
"16/04/2018","3.700","3.660","3.740","3.660","53,36M","1,09%"
"13/04/2018","3.660","3.760","3.780","3.630","88,31M","-2,40%"
"12/04/2018","3.750","3.830","3.860","3.740","76,34M","-3,10%"
"11/04/2018","3.870","3.850","3.890","3.850","58,45M","0,26%"
"10/04/2018","3.860","3.740","3.880","3.730","138,85M","2,39%"
"09/04/2018","3.770","3.630","3.780","3.630","114,95M","3,29%"
"06/04/2018","3.650","3.680","3.690","3.650","62,91M","-0,82%"
"05/04/2018","3.680","3.650","3.690","3.650","102,97M","2,22%"
"04/04/2018","3.600","3.630","3.660","3.570","80,98M","-0,83%"
"03/04/2018","3.630","3.640","3.670","3.620","57,23M","-1,09%"
"02/04/2018","3.670","3.640","3.680","3.600","63,94M","1,94%"
"29/03/2018","3.600","3.580","3.600","3.530","106,93M","0,84%"
"28/03/2018","3.570","3.570","3.620","3.540","83,91M","0,28%"
"27/03/2018","3.560","3.630","3.650","3.540","106,16M","-0,84%"
"26/03/2018","3.590","3.600","3.650","3.580","104,99M","-1,91%"
"23/03/2018","3.660","3.520","3.690","3.520","104,49M","-1,08%"
"22/03/2018","3.700","3.720","3.810","3.690","132,85M","-0,27%"
"21/03/2018","3.710","3.660","3.720","3.630","152,09M","1,37%"
"20/03/2018","3.660","3.800","3.810","3.640","254,15M","-4,19%"
"19/03/2018","3.820","3.860","3.900","3.810","111,81M","0,00%"
"16/03/2018","3.820","3.930","3.950","3.820","208,22M","-2,80%"
"15/03/2018","3.930","4.030","4.040","3.930","133,78M","-3,20%"
"14/03/2018","4.060","4.070","4.090","4.040","74,30M","-0,73%"
"13/03/2018","4.090","4.160","4.180","4.080","96,61M","-2,62%"
"12/03/2018","4.200","4.170","4.200","4.130","87,34M","1,20%"
"09/03/2018","4.150","4.150","4.160","4.090","97,35M","0,24%"
"08/03/2018","4.140","4.050","4.140","4.020","152,55M","3,50%"
"07/03/2018","4.000","4.000","4.040","3.980","100,65M","-0,50%"
"06/03/2018","4.020","4.050","4.060","4.020","59,01M","0,00%"
"05/03/2018","4.020","4.050","4.060","4.000","56,39M","-1,23%"
"02/03/2018","4.070","4.060","4.070","4.030","61,41M","0,25%"
"01/03/2018","4.060","4.050","4.090","4.020","84,22M","1,50%"
"28/02/2018","4.000","3.970","4.050","3.970","94,53M","-0,50%"
"27/02/2018","4.020","4.030","4.030","3.960","81,55M","-0,25%"
"26/02/2018","4.030","4.050","4.050","4.010","56,29M","0,00%"
"23/02/2018","4.030","4.030","4.040","4.010","59,71M","0,50%"
"22/02/2018","4.010","4.070","4.070","4.010","91,27M","-1,47%"
"21/02/2018","4.070","4.040","4.080","4.020","74,13M","0,00%"
"20/02/2018","4.070","4.080","4.080","4.040","53,47M","0,49%"
"19/02/2018","4.050","4.050","4.080","4.040","89,43M","1,00%"
"15/02/2018","4.010","4.050","4.060","4.000","32,90M","-0,74%"
"14/02/2018","4.040","4.050","4.080","3.990","63,31M","0,00%"
"13/02/2018","4.040","3.990","4.060","3.980","79,29M","2,02%"
"12/02/2018","3.960","3.950","3.990","3.950","58,54M","0,25%"
"09/02/2018","3.950","3.970","4.000","3.940","78,26M","-1,74%"
"08/02/2018","4.020","3.980","4.040","3.940","101,87M","1,01%"
"07/02/2018","3.980","3.990","4.020","3.950","120,08M","1,02%"
"06/02/2018","3.940","3.950","3.990","3.930","146,21M","-1,75%"
"05/02/2018","4.010","3.950","4.030","3.920","70,79M","0,25%"
"02/02/2018","4.000","4.030","4.030","4.000","71,71M","0,50%"
"01/02/2018","3.980","4.030","4.070","3.980","102,29M","-0,25%"
"31/01/2018","3.990","3.960","4.060","3.950","112,28M","0,50%"
"30/01/2018","3.970","4.020","4.040","3.960","140,69M","-2,46%"
"29/01/2018","4.070","4.170","4.180","4.030","156,36M","-1,93%"
"26/01/2018","4.150","3.990","4.160","3.990","246,07M","4,53%"
"25/01/2018","3.970","3.980","4.020","3.920","232,55M","-0,25%"
"24/01/2018","3.980","4.090","4.090","3.970","241,78M","-2,69%"
"23/01/2018","4.090","4.160","4.160","4.030","184,18M","-0,97%"
"22/01/2018","4.130","4.120","4.160","4.120","83,09M","-0,72%"
"19/01/2018","4.160","4.190","4.190","4.120","70,89M","-0,24%"
"18/01/2018","4.170","4.210","4.240","4.160","100,09M","-0,71%"
"17/01/2018","4.200","4.210","4.220","4.180","77,20M","-0,24%"
"16/01/2018","4.210","4.150","4.220","4.120","84,39M","2,18%"
"15/01/2018","4.120","4.160","4.170","4.100","71,39M","-0,24%"
"12/01/2018","4.130","4.160","4.190","4.130","70,98M","-0,96%"
"11/01/2018","4.170","4.200","4.200","4.150","80,52M","-0,48%"
"10/01/2018","4.190","4.200","4.250","4.180","95,00M","-0,24%"
"09/01/2018","4.200","4.240","4.240","4.180","100,50M","-1,41%"
"08/01/2018","4.260","4.250","4.290","4.250","42,92M","-0,47%"
"05/01/2018","4.280","4.220","4.280","4.200","55,86M","1,42%"
"04/01/2018","4.220","4.230","4.250","4.190","77,95M","-0,24%"
"03/01/2018","4.230","4.380","4.380","4.200","129,21M","-4,08%"
"02/01/2018","4.410","4.430","4.460","4.380","66,08M","-0,68%"
"29/12/2017","4.440","4.390","4.460","4.390","110,05M","1,14%"
"28/12/2017","4.390","4.300","4.390","4.270","88,58M","2,09%"
"27/12/2017","4.300","4.270","4.310","4.270","32,21M","0,00%"
"22/12/2017","4.300","4.250","4.300","4.210","50,33M","1,18%"
"21/12/2017","4.250","4.190","4.250","4.170","83,89M","2,16%"
"20/12/2017","4.160","4.190","4.200","4.160","87,78M","-0,72%"
"19/12/2017","4.190","4.200","4.200","4.170","85,38M","-1,18%"
"18/12/2017","4.240","4.250","4.250","4.170","47,76M","0,24%"
"15/12/2017","4.230","4.200","4.240","4.180","77,11M","-0,47%"
"14/12/2017","4.250","4.220","4.250","4.200","61,52M","1,19%"
"13/12/2017","4.200","4.150","4.200","4.150","49,02M","0,72%"
"12/12/2017","4.170","4.150","4.190","4.150","63,04M","0,72%"
"11/12/2017","4.140","4.110","4.150","4.110","47,63M","0,00%"
"08/12/2017","4.140","4.150","4.200","4.120","88,54M","-1,43%"
"07/12/2017","4.200","4.200","4.210","4.160","52,70M","0,00%"
"06/12/2017","4.200","4.160","4.210","4.160","92,13M","0,00%"
"05/12/2017","4.200","4.210","4.220","4.180","96,50M","0,00%"
"04/12/2017","4.200","4.180","4.230","4.160","78,04M","1,20%"
"30/11/2017","4.150","4.200","4.220","4.150","185,91M","-1,19%"
"29/11/2017","4.200","4.220","4.240","4.180","79,87M","-0,94%"
"28/11/2017","4.240","4.270","4.290","4.230","99,93M","-1,40%"
"27/11/2017","4.300","4.320","4.350","4.280","82,77M","-0,46%"
"24/11/2017","4.320","4.220","4.320","4.220","87,88M","1,65%"
"23/11/2017","4.250","4.200","4.270","4.200","62,89M","1,19%"
"22/11/2017","4.200","4.220","4.220","4.190","69,60M","0,00%"
"21/11/2017","4.200","4.170","4.200","4.150","96,84M","1,20%"
"20/11/2017","4.150","4.220","4.220","4.150","48,45M","-1,19%"
"17/11/2017","4.200","4.200","4.230","4.200","80,26M","0,00%"
"16/11/2017","4.200","4.150","4.230","4.150","134,14M","1,69%"
"15/11/2017","4.130","4.090","4.180","4.080","96,13M","1,23%"
"14/11/2017","4.080","4.100","4.110","4.070","64,81M","-0,49%"
"13/11/2017","4.100","4.130","4.160","4.100","92,11M","-0,49%"
"10/11/2017","4.120","4.130","4.160","4.120","56,99M","-0,96%"
"09/11/2017","4.160","4.100","4.180","4.100","91,93M","1,46%"
"08/11/2017","4.100","4.160","4.160","4.100","145,23M","-2,15%"
"07/11/2017","4.190","4.180","4.210","4.160","84,69M","0,00%"
"06/11/2017","4.190","4.100","4.210","4.070","177,51M","2,44%"
"03/11/2017","4.090","4.050","4.100","4.010","80,93M","1,49%"
"02/11/2017","4.030","3.980","4.110","3.970","154,76M","2,03%"
"01/11/2017","3.950","4.070","4.080","3.910","267,37M","-1,99%"
"31/10/2017","4.030","4.150","4.150","4.030","111,76M","-1,23%"
"30/10/2017","4.080","4.150","4.180","4.080","140,45M","-1,69%"
"27/10/2017","4.150","4.190","4.200","4.080","122,92M","-0,24%"
"26/10/2017","4.160","4.010","4.260","4.010","348,27M","1,71%"
"25/10/2017","4.090","4.210","4.230","4.060","308,36M","-3,31%"
"24/10/2017","4.230","4.270","4.270","4.230","69,94M","-0,47%"
"23/10/2017","4.250","4.270","4.320","4.240","118,21M","-0,47%"
"20/10/2017","4.270","4.250","4.290","4.200","107,64M","1,43%"
"19/10/2017","4.210","4.230","4.250","4.180","231,27M","-2,09%"
"18/10/2017","4.300","4.400","4.400","4.190","379,73M","-2,27%"
"17/10/2017","4.400","4.400","4.410","4.320","286,83M","-1,12%"
"16/10/2017","4.450","4.380","4.480","4.380","167,52M","0,45%"
"13/10/2017","4.430","4.440","4.450","4.400","122,49M","-0,23%"
"12/10/2017","4.440","4.380","4.490","4.370","163,09M","0,91%"
"11/10/2017","4.400","4.540","4.550","4.310","365,95M","-2,87%"
"10/10/2017","4.530","4.650","4.650","4.510","95,52M","-1,95%"
"09/10/2017","4.620","4.640","4.660","4.610","73,03M","-0,86%"
"06/10/2017","4.660","4.680","4.680","4.630","83,60M","0,00%"
"05/10/2017","4.660","4.680","4.690","4.640","164,69M","-0,64%"
"04/10/2017","4.690","4.660","4.710","4.660","101,96M","0,00%"
"03/10/2017","4.690","4.650","4.700","4.640","113,93M","0,21%"
"02/10/2017","4.680","4.690","4.690","4.660","79,70M","0,00%"
"29/09/2017","4.680","4.700","4.750","4.670","202,03M","-0,64%"
"28/09/2017","4.710","4.720","4.740","4.710","105,24M","0,21%"
"27/09/2017","4.700","4.690","4.710","4.680","61,00M","0,21%"
"26/09/2017","4.690","4.640","4.710","4.640","83,56M","0,86%"
"25/09/2017","4.650","4.620","4.670","4.610","33,07M","0,22%"
"22/09/2017","4.640","4.690","4.690","4.610","100,05M","-1,07%"
"20/09/2017","4.690","4.690","4.710","4.680","58,14M","-0,42%"
"19/09/2017","4.710","4.690","4.720","4.680","54,68M","0,00%"
"18/09/2017","4.710","4.680","4.720","4.660","61,35M","0,43%"
"15/09/2017","4.690","4.650","4.700","4.650","112,76M","0,43%"
"14/09/2017","4.670","4.690","4.700","4.660","53,42M","-0,43%"
"13/09/2017","4.690","4.650","4.730","4.650","55,12M","-0,64%"
"12/09/2017","4.720","4.720","4.730","4.700","68,81M","0,21%"
"11/09/2017","4.710","4.710","4.720","4.700","45,42M","-0,21%"
"08/09/2017","4.720","4.670","4.720","4.670","40,94M","0,43%"
"07/09/2017","4.700","4.700","4.730","4.690","47,24M","-0,21%"
"06/09/2017","4.710","4.650","4.730","4.650","60,26M","1,29%"
"05/09/2017","4.650","4.670","4.680","4.620","71,28M","-0,64%"
"04/09/2017","4.680","4.710","4.710","4.660","74,66M","-0,21%"
"31/08/2017","4.690","4.740","4.750","4.690","60,80M","-1,05%"
"30/08/2017","4.740","4.720","4.760","4.720","41,01M","0,21%"
"29/08/2017","4.730","4.740","4.760","4.710","66,77M","-0,42%"
"28/08/2017","4.750","4.740","4.770","4.720","42,68M","-0,42%"
"25/08/2017","4.770","4.800","4.810","4.770","34,67M","-0,21%"
"24/08/2017","4.780","4.800","4.800","4.760","59,75M","-0,42%"
"23/08/2017","4.800","4.800","4.810","4.750","55,48M","0,21%"
"22/08/2017","4.790","4.800","4.810","4.770","45,28M","0,42%"
"21/08/2017","4.770","4.800","4.800","4.730","36,96M","-0,21%"
"18/08/2017","4.780","4.770","4.820","4.770","72,17M","0,21%"
"16/08/2017","4.770","4.750","4.780","4.730","72,56M","0,85%"
"15/08/2017","4.730","4.750","4.750","4.710","62,54M","0,42%"
"14/08/2017","4.710","4.720","4.730","4.700","45,94M","0,64%"
"11/08/2017","4.680","4.690","4.700","4.660","61,68M","-0,64%"
"10/08/2017","4.710","4.720","4.730","4.700","36,14M","0,00%"
"09/08/2017","4.710","4.670","4.720","4.670","67,04M","0,43%"
"08/08/2017","4.690","4.650","4.690","4.650","55,01M","0,43%"
"07/08/2017","4.670","4.670","4.730","4.660","50,26M","0,00%"
"04/08/2017","4.670","4.700","4.710","4.660","53,60M","-0,64%"
"03/08/2017","4.700","4.760","4.790","4.670","57,45M","-2,08%"
"02/08/2017","4.800","4.840","4.840","4.780","76,65M","0,63%"
"01/08/2017","4.770","4.700","4.820","4.690","98,01M","1,71%"
"31/07/2017","4.690","4.680","4.750","4.670","105,62M","-0,21%"
"28/07/2017","4.700","4.670","4.720","4.660","77,01M","1,08%"
"27/07/2017","4.650","4.700","4.720","4.650","79,56M","-1,06%"
"26/07/2017","4.700","4.700","4.740","4.650","65,29M","-0,42%"
"25/07/2017","4.720","4.680","4.740","4.640","82,78M","1,51%"
"24/07/2017","4.650","4.500","4.650","4.500","139,36M","1,97%"
"21/07/2017","4.560","4.600","4.620","4.530","61,85M","-1,51%"
"20/07/2017","4.630","4.620","4.650","4.600","65,95M","0,65%"
"19/07/2017","4.600","4.630","4.630","4.570","31,88M","-0,65%"
"18/07/2017","4.630","4.660","4.660","4.590","63,09M","-0,43%"
"17/07/2017","4.650","4.570","4.650","4.570","53,98M","1,09%"
"14/07/2017","4.600","4.580","4.620","4.570","61,20M","0,00%"
"13/07/2017","4.600","4.660","4.680","4.580","83,01M","-0,43%"
"12/07/2017","4.620","4.580","4.640","4.580","42,39M","0,43%"
"11/07/2017","4.600","4.590","4.640","4.560","59,02M","0,66%"
"10/07/2017","4.570","4.670","4.670","4.560","39,79M","-1,30%"
"07/07/2017","4.630","4.640","4.690","4.630","74,86M","-0,43%"
"06/07/2017","4.650","4.570","4.680","4.570","74,71M","1,53%"
"05/07/2017","4.580","4.550","4.590","4.530","76,95M","-0,22%"
"04/07/2017","4.590","4.710","4.730","4.590","126,98M","-4,18%"
"03/07/2017","4.790","4.530","4.790","4.520","213,32M","5,97%"
"22/06/2017","4.520","4.540","4.540","4.500","76,42M","0,00%"
"21/06/2017","4.520","4.480","4.530","4.460","116,60M","0,67%"
"20/06/2017","4.490","4.420","4.510","4.400","93,40M","2,05%"
"19/06/2017","4.400","4.400","4.420","4.390","48,46M","0,69%"
"16/06/2017","4.370","4.330","4.440","4.330","267,35M","0,23%"
"15/06/2017","4.360","4.350","4.370","4.330","50,89M","0,00%"
"14/06/2017","4.360","4.380","4.380","4.330","72,20M","0,00%"
"13/06/2017","4.360","4.340","4.360","4.330","61,97M","0,69%"
"12/06/2017","4.330","4.320","4.340","4.310","52,48M","0,00%"
"09/06/2017","4.330","4.370","4.380","4.320","137,96M","0,70%"
"08/06/2017","4.300","4.320","4.320","4.300","88,98M","-0,46%"
"07/06/2017","4.320","4.350","4.350","4.290","99,18M","0,23%"
"06/06/2017","4.310","4.350","4.350","4.300","99,54M","-0,69%"
"05/06/2017","4.340","4.340","4.380","4.300","88,20M","-0,91%"
"02/06/2017","4.380","4.400","4.450","4.340","168,41M","0,69%"
"31/05/2017","4.350","4.350","4.370","4.300","184,81M","0,46%"
"30/05/2017","4.330","4.350","4.380","4.330","57,72M","-1,37%"
"29/05/2017","4.390","4.470","4.470","4.360","69,69M","-1,79%"
"26/05/2017","4.470","4.430","4.490","4.430","123,90M","2,52%"
"24/05/2017","4.360","4.360","4.410","4.330","76,44M","-0,91%"
"23/05/2017","4.400","4.500","4.520","4.370","70,55M","-1,57%"
"22/05/2017","4.470","4.590","4.670","4.440","92,80M","-1,32%"
"19/05/2017","4.530","4.300","4.650","4.300","140,86M","5,10%"
"18/05/2017","4.310","4.300","4.340","4.270","78,91M","-0,69%"
"17/05/2017","4.340","4.380","4.380","4.300","65,47M","0,00%"
"16/05/2017","4.340","4.390","4.390","4.340","79,44M","-0,46%"
"15/05/2017","4.360","4.420","4.420","4.320","88,97M","-0,91%"
"12/05/2017","4.400","4.410","4.440","4.380","84,81M","0,69%"
"10/05/2017","4.370","4.340","4.410","4.330","85,48M","0,69%"
"09/05/2017","4.340","4.390","4.450","4.330","90,06M","0,00%"
"08/05/2017","4.340","4.370","4.380","4.310","85,51M","0,00%"
"05/05/2017","4.340","4.350","4.360","4.330","43,57M","-0,69%"
"04/05/2017","4.370","4.360","4.390","4.340","100,51M","0,69%"
"03/05/2017","4.340","4.400","4.400","4.330","92,90M","-1,59%"
"02/05/2017","4.410","4.410","4.450","4.380","140,20M","0,92%"
"28/04/2017","4.370","4.400","4.410","4.370","124,85M","0,00%"
"27/04/2017","4.370","4.380","4.400","4.360","78,70M","-0,68%"
"26/04/2017","4.400","4.380","4.410","4.360","103,93M","-0,45%"
"25/04/2017","4.420","4.500","4.520","4.330","213,32M","0,00%"
"21/04/2017","4.420","4.180","4.420","4.170","237,06M","7,54%"
"20/04/2017","4.110","4.030","4.150","4.030","110,21M","0,98%"
"18/04/2017","4.070","4.060","4.120","4.050","68,19M","1,50%"
"17/04/2017","4.010","4.090","4.090","4.010","51,37M","-1,96%"
"13/04/2017","4.090","4.150","4.170","4.090","47,23M","-1,45%"
"12/04/2017","4.150","4.170","4.170","4.110","33,44M","0,00%"
"11/04/2017","4.150","4.110","4.180","4.110","54,58M","1,22%"
"10/04/2017","4.100","4.110","4.140","4.090","53,21M","-0,73%"
"07/04/2017","4.130","4.130","4.140","4.110","72,95M","-0,96%"
"06/04/2017","4.170","4.180","4.200","4.130","79,91M","-1,88%"
"05/04/2017","4.250","4.320","4.320","4.200","76,38M","0,00%"
"04/04/2017","4.250","4.170","4.290","4.170","108,17M","1,92%"
"03/04/2017","4.170","4.130","4.200","4.130","66,56M","0,97%"
"31/03/2017","4.130","4.180","4.190","4.130","88,86M","-0,24%"
"30/03/2017","4.140","4.170","4.170","4.110","61,41M","-0,24%"
"29/03/2017","4.150","4.080","4.150","4.080","84,08M","1,72%"
"27/03/2017","4.080","4.080","4.090","4.070","56,07M","0,00%"
"24/03/2017","4.080","4.080","4.110","4.050","71,88M","-0,24%"
"23/03/2017","4.090","4.070","4.100","4.050","72,32M","0,49%"
"22/03/2017","4.070","4.060","4.080","4.010","110,93M","-0,49%"
"21/03/2017","4.090","4.060","4.120","4.060","75,35M","-0,24%"
"20/03/2017","4.100","4.100","4.110","4.050","87,63M","-0,24%"
"17/03/2017","4.110","4.140","4.140","4.030","123,09M","-0,72%"
"16/03/2017","4.140","4.060","4.150","4.060","123,31M","2,48%"
"15/03/2017","4.040","4.030","4.080","4.010","80,43M","-0,25%"
"14/03/2017","4.050","3.950","4.070","3.950","122,78M","2,53%"
"13/03/2017","3.950","3.940","3.970","3.920","54,43M","0,00%"
"10/03/2017","3.950","3.970","3.990","3.910","70,32M","-0,25%"
"09/03/2017","3.960","3.930","3.960","3.880","83,22M","2,06%"
"08/03/2017","3.880","3.920","3.930","3.880","31,34M","-1,77%"
"07/03/2017","3.950","3.920","3.950","3.890","61,95M","0,77%"
"06/03/2017","3.920","3.860","3.920","3.850","99,06M","1,82%"
"03/03/2017","3.850","3.820","3.870","3.810","92,35M","0,52%"
"02/03/2017","3.830","3.870","3.870","3.830","59,75M","-0,52%"
"01/03/2017","3.850","3.870","3.890","3.840","79,66M","0,00%"
"28/02/2017","3.850","3.860","3.900","3.850","65,93M","-0,52%"
"27/02/2017","3.870","3.850","3.890","3.850","54,71M","0,78%"
"24/02/2017","3.840","3.830","3.870","3.830","71,12M","0,00%"
"23/02/2017","3.840","3.860","3.870","3.830","122,76M","-1,03%"
"22/02/2017","3.880","3.880","3.890","3.850","74,26M","0,00%"
"21/02/2017","3.880","3.880","3.890","3.860","49,37M","0,26%"
"20/02/2017","3.870","3.860","3.880","3.850","26,82M","0,00%"
"17/02/2017","3.870","3.890","3.890","3.850","80,81M","0,00%"
"16/02/2017","3.870","3.880","3.890","3.840","127,78M","0,26%"
"14/02/2017","3.860","3.900","3.900","3.840","146,31M","-1,53%"
"13/02/2017","3.920","3.920","3.920","3.900","54,55M","0,77%"
"10/02/2017","3.890","3.870","3.910","3.860","91,64M","0,52%"
"09/02/2017","3.870","3.870","3.910","3.860","78,09M","0,00%"
"08/02/2017","3.870","3.900","3.920","3.860","115,71M","-1,28%"
"07/02/2017","3.920","3.930","3.960","3.920","66,02M","-1,01%"
"06/02/2017","3.960","3.940","3.960","3.910","53,00M","0,25%"
"03/02/2017","3.950","3.900","3.970","3.900","59,23M","0,00%"
"02/02/2017","3.950","3.940","3.980","3.900","73,90M","0,25%"
"01/02/2017","3.940","3.910","3.980","3.900","77,65M","1,81%"
"31/01/2017","3.870","3.900","3.920","3.860","57,85M","0,26%"
"30/01/2017","3.860","3.860","3.910","3.860","30,06M","-0,77%"
"27/01/2017","3.890","3.900","3.920","3.880","47,24M","-1,27%"
"26/01/2017","3.940","3.900","3.960","3.860","60,94M","1,03%"
"25/01/2017","3.900","3.910","3.940","3.890","47,80M","-0,26%"
"24/01/2017","3.910","3.850","3.950","3.850","113,43M","1,82%"
"23/01/2017","3.840","3.800","3.880","3.780","77,65M","0,26%"
"20/01/2017","3.830","3.920","3.940","3.820","101,52M","-3,53%"
"19/01/2017","3.970","3.940","3.980","3.920","53,44M","0,25%"
"18/01/2017","3.960","3.960","4.010","3.950","56,56M","-0,25%"
"17/01/2017","3.970","3.980","4.000","3.960","45,79M","0,51%"
"16/01/2017","3.950","3.970","4.000","3.950","42,19M","0,00%"
"13/01/2017","3.950","3.930","3.970","3.930","64,70M","-0,25%"
"12/01/2017","3.960","3.920","3.970","3.920","45,74M","0,00%"
"11/01/2017","3.960","3.960","4.000","3.950","47,23M","-1,00%"
"10/01/2017","4.000","4.030","4.030","3.960","44,61M","-0,50%"
"09/01/2017","4.020","4.000","4.030","3.990","85,71M","0,50%"
"06/01/2017","4.000","3.970","4.010","3.960","44,14M","1,27%"
"05/01/2017","3.950","3.960","4.030","3.940","74,02M","0,00%"
"04/01/2017","3.950","3.880","3.980","3.880","68,49M","0,00%"
"03/01/2017","3.950","3.950","3.990","3.920","71,66M","-0,75%"
"30/12/2016","3.980","3.940","4.020","3.940","128,65M","1,02%"
"29/12/2016","3.940","3.830","3.960","3.810","126,80M","2,87%"
"28/12/2016","3.830","3.770","3.840","3.770","39,65M","2,68%"
"27/12/2016","3.730","3.690","3.760","3.670","49,00M","1,08%"
"23/12/2016","3.690","3.790","3.790","3.670","46,23M","-1,60%"
"22/12/2016","3.750","3.720","3.780","3.720","53,48M","-0,79%"
"21/12/2016","3.780","3.800","3.850","3.760","65,39M","1,34%"
"20/12/2016","3.730","3.750","3.800","3.710","88,60M","-1,84%"
"19/12/2016","3.800","3.850","3.890","3.800","64,96M","-0,52%"
"16/12/2016","3.820","3.910","3.910","3.820","111,04M","-2,30%"
"15/12/2016","3.910","3.840","3.940","3.830","58,98M","-0,26%"
"14/12/2016","3.920","3.910","3.970","3.910","53,22M","-1,26%"
"13/12/2016","3.970","3.920","3.970","3.900","85,40M","0,25%"
"09/12/2016","3.960","3.930","3.980","3.910","73,23M","0,51%"
"08/12/2016","3.940","3.880","3.940","3.860","80,25M","2,34%"
"07/12/2016","3.850","3.890","3.890","3.820","74,50M","-1,53%"
"06/12/2016","3.910","3.930","3.960","3.900","67,14M","-1,26%"
"05/12/2016","3.960","3.900","4.000","3.890","56,83M","1,28%"
"02/12/2016","3.910","3.820","3.960","3.810","68,87M","1,30%"
"01/12/2016","3.860","3.820","3.900","3.810","96,83M","2,12%"
"30/11/2016","3.780","3.820","3.900","3.770","145,32M","-1,56%"
"29/11/2016","3.840","3.830","3.880","3.830","73,22M","0,00%"
"28/11/2016","3.840","3.850","3.860","3.820","61,86M","0,26%"
"25/11/2016","3.830","3.770","3.830","3.770","66,00M","0,52%"
"24/11/2016","3.810","3.900","3.930","3.760","91,27M","-3,30%"
"23/11/2016","3.940","3.930","3.970","3.920","108,35M","-0,25%"
"22/11/2016","3.950","3.920","3.970","3.910","69,60M","0,51%"
"21/11/2016","3.930","3.950","3.970","3.920","82,46M","-1,01%"
"18/11/2016","3.970","4.020","4.030","3.960","98,12M","-0,75%"
"17/11/2016","4.000","3.950","4.040","3.950","84,24M","0,00%"
"16/11/2016","4.000","3.900","4.030","3.900","195,30M","4,17%"
"15/11/2016","3.840","3.830","3.950","3.760","214,75M","1,32%"
"14/11/2016","3.790","3.850","3.880","3.640","331,54M","-4,29%"
"11/11/2016","3.960","4.050","4.050","3.910","244,87M","-5,49%"
"10/11/2016","4.190","4.180","4.220","4.130","197,20M","1,70%"
"09/11/2016","4.120","4.250","4.290","4.110","142,55M","-3,74%"
"08/11/2016","4.280","4.170","4.300","4.170","73,53M","3,13%"
"07/11/2016","4.150","4.150","4.200","4.130","56,76M","0,00%"
"04/11/2016","4.150","4.120","4.160","4.100","94,57M","0,00%"
"03/11/2016","4.150","4.200","4.210","4.120","142,51M","-1,19%"
"02/11/2016","4.200","4.200","4.240","4.190","65,59M","0,00%"
"01/11/2016","4.200","4.230","4.240","4.200","40,53M","-0,47%"
"31/10/2016","4.220","4.230","4.250","4.210","87,26M","-0,24%"
"28/10/2016","4.230","4.220","4.250","4.220","63,98M","-0,24%"
"27/10/2016","4.240","4.220","4.260","4.210","59,17M","1,19%"
"26/10/2016","4.190","4.180","4.220","4.180","51,04M","-0,24%"
"25/10/2016","4.200","4.200","4.220","4.190","70,65M","-0,47%"
"24/10/2016","4.220","4.200","4.240","4.190","44,93M","0,24%"
"21/10/2016","4.210","4.200","4.240","4.190","32,15M","0,24%"
"20/10/2016","4.200","4.210","4.240","4.180","49,15M","0,00%"
"19/10/2016","4.200","4.230","4.250","4.200","39,79M","-0,71%"
"18/10/2016","4.230","4.250","4.260","4.220","47,81M","-0,24%"
"17/10/2016","4.240","4.200","4.250","4.200","62,85M","0,71%"
"14/10/2016","4.210","4.200","4.250","4.180","127,75M","0,72%"
"13/10/2016","4.180","4.150","4.190","4.140","95,80M","0,97%"
"12/10/2016","4.140","4.130","4.160","4.120","77,24M","-0,48%"
"11/10/2016","4.160","4.170","4.180","4.120","95,07M","0,00%"
"10/10/2016","4.160","4.180","4.230","4.150","33,36M","-0,95%"
"07/10/2016","4.200","4.220","4.240","4.170","50,80M","-0,24%"
"06/10/2016","4.210","4.280","4.300","4.200","83,69M","-2,09%"
"05/10/2016","4.300","4.330","4.350","4.280","64,56M","-1,38%"
"04/10/2016","4.360","4.380","4.400","4.360","69,76M","-0,46%"
"03/10/2016","4.380","4.360","4.390","4.310","58,64M","1,62%"
"30/09/2016","4.310","4.290","4.400","4.270","137,11M","0,47%"
"29/09/2016","4.290","4.230","4.340","4.230","130,28M","0,94%"
"28/09/2016","4.250","4.220","4.270","4.220","66,96M","-0,70%"
"27/09/2016","4.280","4.190","4.280","4.170","106,58M","0,94%"
"26/09/2016","4.240","4.200","4.250","4.190","78,04M","0,24%"
"23/09/2016","4.230","4.230","4.250","4.170","84,25M","0,00%"
"22/09/2016","4.230","4.250","4.270","4.200","159,17M","0,71%"
"21/09/2016","4.200","4.160","4.220","4.100","97,63M","0,96%"
"20/09/2016","4.160","4.150","4.220","4.150","88,24M","-0,95%"
"19/09/2016","4.200","4.130","4.240","4.130","74,24M","2,69%"
"16/09/2016","4.090","4.140","4.220","4.080","138,67M","-1,21%"
"15/09/2016","4.140","4.000","4.160","4.000","113,13M","4,28%"
"14/09/2016","3.970","4.050","4.050","3.950","107,94M","-1,98%"
"13/09/2016","4.050","4.050","4.090","3.980","123,71M","0,00%"
"09/09/2016","4.050","4.150","4.160","4.030","120,40M","-2,64%"
"08/09/2016","4.160","4.200","4.210","4.160","64,13M","-1,19%"
"07/09/2016","4.210","4.240","4.240","4.140","80,89M","-0,71%"
"06/09/2016","4.240","4.210","4.240","4.190","48,00M","0,95%"
"05/09/2016","4.200","4.200","4.240","4.180","49,86M","0,00%"
"02/09/2016","4.200","4.120","4.210","4.120","67,80M","0,96%"
"01/09/2016","4.160","4.150","4.210","4.130","73,02M","-1,19%"
"31/08/2016","4.210","4.160","4.240","4.150","119,00M","0,96%"
"30/08/2016","4.170","4.140","4.190","4.120","89,41M","0,72%"
"29/08/2016","4.140","4.200","4.200","4.120","86,94M","-1,66%"
"26/08/2016","4.210","4.200","4.230","4.170","55,20M","-0,24%"
"25/08/2016","4.220","4.220","4.240","4.200","85,48M","0,00%"
"24/08/2016","4.220","4.180","4.250","4.160","77,67M","0,00%"
"23/08/2016","4.220","4.190","4.220","4.080","135,97M","1,44%"
"22/08/2016","4.160","4.160","4.170","4.110","90,76M","0,48%"
"19/08/2016","4.140","4.250","4.270","4.120","117,13M","-2,59%"
"18/08/2016","4.250","4.190","4.260","4.160","199,16M","2,66%"
"16/08/2016","4.140","4.140","4.190","4.090","125,42M","1,22%"
"15/08/2016","4.090","4.210","4.230","4.060","126,44M","-3,31%"
"12/08/2016","4.230","4.280","4.310","4.170","123,19M","-1,17%"
"11/08/2016","4.280","4.350","4.350","4.260","91,17M","-0,93%"
"10/08/2016","4.320","4.330","4.370","4.270","71,87M","-1,14%"
"09/08/2016","4.370","4.410","4.430","4.330","65,89M","-0,68%"
"08/08/2016","4.400","4.360","4.400","4.340","64,57M","1,15%"
"05/08/2016","4.350","4.340","4.360","4.300","58,30M","0,69%"
"04/08/2016","4.320","4.310","4.350","4.280","77,48M","1,17%"
"03/08/2016","4.270","4.350","4.380","4.270","108,30M","-2,29%"
"02/08/2016","4.370","4.450","4.480","4.370","97,62M","-3,96%"
"01/08/2016","4.550","4.350","4.570","4.350","138,15M","7,57%"
"29/07/2016","4.230","4.340","4.500","4.230","123,23M","-2,53%"
"28/07/2016","4.340","4.340","4.380","4.320","90,95M","0,00%"
"27/07/2016","4.340","4.300","4.350","4.260","108,89M","2,12%"
"26/07/2016","4.250","4.200","4.280","4.170","85,36M","1,67%"
"25/07/2016","4.180","4.130","4.180","4.120","53,82M","1,70%"
"22/07/2016","4.110","4.150","4.150","4.090","49,80M","-0,24%"
"21/07/2016","4.120","4.200","4.200","4.120","69,99M","-1,67%"
"20/07/2016","4.190","4.180","4.190","4.140","47,23M","0,72%"
"19/07/2016","4.160","4.170","4.170","4.130","73,78M","0,48%"
"18/07/2016","4.140","4.180","4.190","4.110","53,92M","-1,43%"
"15/07/2016","4.200","4.090","4.200","4.090","109,26M","2,19%"
"14/07/2016","4.110","4.150","4.170","4.080","131,51M","-3,52%"
"13/07/2016","4.260","4.110","4.260","4.110","95,85M","3,90%"
"12/07/2016","4.100","4.120","4.180","4.020","143,79M","0,74%"
"11/07/2016","4.070","4.080","4.250","4.030","270,80M","2,52%"
"01/07/2016","3.970","4.010","4.050","3.950","98,38M","-0,25%"
"30/06/2016","3.980","3.950","4.010","3.950","96,45M","0,25%"
"29/06/2016","3.970","3.860","3.970","3.850","121,33M","3,93%"
"28/06/2016","3.820","3.860","3.900","3.780","169,59M","-0,52%"
"27/06/2016","3.840","3.790","3.870","3.780","61,61M","0,52%"
"24/06/2016","3.820","3.880","3.890","3.740","87,59M","-1,04%"
"23/06/2016","3.860","3.860","3.870","3.830","37,99M","-0,26%"
"22/06/2016","3.870","3.880","3.890","3.850","62,12M","0,00%"
"21/06/2016","3.870","3.880","3.880","3.840","53,48M","0,52%"
"20/06/2016","3.850","3.870","3.890","3.830","54,54M","-1,03%"
"17/06/2016","3.890","3.890","3.920","3.860","80,84M","0,26%"
"16/06/2016","3.880","3.840","3.880","3.830","90,88M","1,84%"
"15/06/2016","3.810","3.790","3.810","3.750","59,66M","1,06%"
"14/06/2016","3.770","3.750","3.780","3.720","43,87M","0,27%"
"13/06/2016","3.760","3.720","3.770","3.720","51,89M","0,27%"
"10/06/2016","3.750","3.790","3.800","3.750","53,23M","-0,53%"
"09/06/2016","3.770","3.810","3.820","3.760","113,04M","-0,53%"
"08/06/2016","3.790","3.890","3.910","3.710","193,25M","-3,07%"
"07/06/2016","3.910","3.880","3.930","3.850","86,50M","0,77%"
"06/06/2016","3.880","3.820","3.880","3.810","72,38M","2,11%"
"03/06/2016","3.800","3.820","3.840","3.750","62,13M","0,80%"
"02/06/2016","3.770","3.730","3.820","3.720","87,91M","1,34%"
"01/06/2016","3.720","3.730","3.770","3.710","68,00M","0,54%"
"31/05/2016","3.700","3.700","3.750","3.670","182,23M","0,00%"
"30/05/2016","3.700","3.760","3.790","3.700","23,09M","-1,60%"
"27/05/2016","3.760","3.750","3.760","3.720","31,02M","-0,27%"
"26/05/2016","3.770","3.800","3.800","3.720","37,34M","-0,26%"
"25/05/2016","3.780","3.750","3.780","3.730","58,46M","1,34%"
"24/05/2016","3.730","3.690","3.760","3.690","57,82M","0,54%"
"23/05/2016","3.710","3.680","3.730","3.660","50,91M","1,92%"
"20/05/2016","3.640","3.650","3.700","3.620","90,19M","0,28%"
"19/05/2016","3.630","3.720","3.730","3.580","116,98M","-2,94%"
"18/05/2016","3.740","3.740","3.750","3.720","83,95M","0,54%"
"17/05/2016","3.720","3.750","3.770","3.710","64,90M","0,00%"
"16/05/2016","3.720","3.720","3.800","3.690","122,09M","0,81%"
"13/05/2016","3.690","3.790","3.790","3.690","85,98M","-1,86%"
"12/05/2016","3.760","3.710","3.780","3.700","142,32M","1,08%"
"11/05/2016","3.720","3.730","3.750","3.690","84,83M","0,54%"
"10/05/2016","3.700","3.690","3.720","3.660","101,56M","2,49%"
"09/05/2016","3.610","3.550","3.690","3.540","157,42M","3,44%"
"04/05/2016","3.490","3.460","3.500","3.420","153,45M","1,45%"
"03/05/2016","3.440","3.460","3.520","3.440","156,36M","-0,29%"
"02/05/2016","3.450","3.410","3.500","3.410","175,52M","-2,38%"
"29/04/2016","3.534","3.569","3.579","3.514","225,31M","-1,26%"
"28/04/2016","3.579","3.669","3.704","3.559","160,38M","-2,85%"
"27/04/2016","3.684","3.634","3.688","3.619","74,48M","1,52%"
"26/04/2016","3.629","3.738","3.738","3.619","122,01M","-3,56%"
"25/04/2016","3.763","3.733","3.793","3.704","114,86M","2,56%"
"22/04/2016","3.669","3.634","3.728","3.594","145,35M","1,52%"
"21/04/2016","3.614","3.594","3.659","3.579","94,21M","1,26%"
"20/04/2016","3.569","3.559","3.619","3.539","94,94M","-1,79%"
"19/04/2016","3.634","3.629","3.698","3.599","111,20M","0,39%"
"18/04/2016","3.620","3.500","3.625","3.480","121,70M","3,43%"
"15/04/2016","3.500","3.420","3.500","3.420","110,43M","3,24%"
"14/04/2016","3.390","3.410","3.410","3.365","57,90M","-0,15%"
"13/04/2016","3.395","3.400","3.405","3.360","46,32M","-0,15%"
"12/04/2016","3.400","3.375","3.400","3.350","52,20M","0,59%"
"11/04/2016","3.380","3.400","3.430","3.350","78,29M","-1,89%"
"08/04/2016","3.445","3.350","3.445","3.350","54,81M","1,32%"
"07/04/2016","3.400","3.420","3.430","3.400","77,21M","-0,15%"
"06/04/2016","3.405","3.385","3.410","3.370","63,55M","0,89%"
"05/04/2016","3.375","3.365","3.400","3.360","69,80M","-0,15%"
"04/04/2016","3.380","3.350","3.380","3.345","69,42M","0,90%"
"01/04/2016","3.350","3.330","3.350","3.305","79,81M","0,75%"
"31/03/2016","3.325","3.345","3.355","3.300","120,75M","-0,60%"
"30/03/2016","3.345","3.330","3.380","3.330","140,48M","1,36%"
"29/03/2016","3.300","3.310","3.335","3.280","117,10M","-0,15%"
"28/03/2016","3.305","3.325","3.340","3.280","60,69M","-0,60%"
"24/03/2016","3.325","3.300","3.360","3.295","106,66M","0,61%"
"23/03/2016","3.305","3.380","3.380","3.300","201,67M","-3,36%"
"22/03/2016","3.420","3.440","3.460","3.385","123,09M","-1,44%"
"21/03/2016","3.470","3.460","3.485","3.450","55,41M","0,29%"
"18/03/2016","3.460","3.455","3.500","3.430","141,61M","0,14%"
"17/03/2016","3.455","3.460","3.470","3.440","81,98M","0,44%"
"16/03/2016","3.440","3.390","3.440","3.370","45,87M","1,78%"
"15/03/2016","3.380","3.440","3.450","3.350","95,06M","-2,59%"
"14/03/2016","3.470","3.420","3.485","3.390","92,17M","2,66%"
"11/03/2016","3.380","3.330","3.380","3.315","83,40M","1,96%"
"10/03/2016","3.315","3.345","3.350","3.265","163,24M","-2,21%"
"08/03/2016","3.390","3.380","3.415","3.330","109,17M","-0,15%"
"07/03/2016","3.395","3.400","3.420","3.360","63,62M","-0,59%"
"04/03/2016","3.415","3.435","3.435","3.330","87,75M","-0,44%"
"03/03/2016","3.430","3.375","3.430","3.355","107,65M","2,69%"
"02/03/2016","3.340","3.340","3.370","3.325","110,29M","1,37%"
"01/03/2016","3.295","3.250","3.295","3.250","63,32M","1,38%"
"29/02/2016","3.250","3.340","3.340","3.245","102,10M","-1,81%"
"26/02/2016","3.310","3.340","3.340","3.290","53,51M","0,30%"
"25/02/2016","3.300","3.245","3.310","3.210","95,59M","2,17%"
"24/02/2016","3.230","3.195","3.240","3.175","69,79M","0,31%"
"23/02/2016","3.220","3.190","3.250","3.170","67,74M","1,26%"
"22/02/2016","3.180","3.185","3.210","3.140","105,48M","-0,47%"
"19/02/2016","3.195","3.315","3.315","3.160","179,26M","-3,62%"
"18/02/2016","3.315","3.335","3.355","3.295","94,58M","-0,60%"
"17/02/2016","3.335","3.320","3.355","3.310","81,66M","0,00%"
"16/02/2016","3.335","3.310","3.340","3.305","43,89M","0,30%"
"15/02/2016","3.325","3.310","3.340","3.280","104,80M","1,22%"
"12/02/2016","3.285","3.405","3.410","3.260","153,72M","-4,23%"
"11/02/2016","3.430","3.385","3.450","3.365","109,10M","1,33%"
"10/02/2016","3.385","3.320","3.390","3.320","83,79M","0,30%"
"09/02/2016","3.375","3.430","3.430","3.360","71,37M","-3,57%"
"05/02/2016","3.500","3.370","3.510","3.370","110,95M","4,48%"
"04/02/2016","3.350","3.310","3.455","3.305","121,90M","2,29%"
"03/02/2016","3.275","3.200","3.275","3.180","65,15M","1,24%"
"02/02/2016","3.235","3.280","3.320","3.235","85,89M","-2,85%"
"01/02/2016","3.330","3.290","3.375","3.290","132,39M","-0,30%"
"29/01/2016","3.340","3.290","3.340","3.230","123,51M","2,45%"
"28/01/2016","3.260","3.270","3.280","3.210","76,64M","-0,31%"
"27/01/2016","3.270","3.235","3.270","3.215","58,54M","1,40%"
"26/01/2016","3.225","3.205","3.230","3.190","88,83M","0,62%"
"25/01/2016","3.205","3.230","3.250","3.185","85,79M","0,63%"
"22/01/2016","3.185","3.155","3.185","3.115","83,96M","2,91%"
"21/01/2016","3.095","3.110","3.155","3.090","75,61M","0,16%"
"20/01/2016","3.090","3.095","3.130","3.090","65,97M","-0,64%"
"19/01/2016","3.110","3.075","3.135","3.075","57,34M","0,81%"
"18/01/2016","3.085","3.060","3.130","3.045","37,70M","0,00%"
"15/01/2016","3.085","3.135","3.155","3.085","88,29M","-1,59%"
"14/01/2016","3.135","3.100","3.215","3.100","106,68M","-1,72%"
"13/01/2016","3.190","3.195","3.250","3.170","74,27M","1,43%"
"12/01/2016","3.145","3.085","3.205","3.080","116,90M","2,78%"
"11/01/2016","3.060","3.090","3.125","3.060","89,76M","-2,70%"
"08/01/2016","3.145","3.170","3.190","3.130","121,22M","-2,02%"
"07/01/2016","3.210","3.200","3.250","3.155","106,06M","-1,23%"
"06/01/2016","3.250","3.250","3.385","3.220","126,67M","1,72%"
"05/01/2016","3.195","3.125","3.225","3.125","111,30M","1,75%"
"04/01/2016","3.140","3.080","3.175","3.080","53,94M","1,13%"
"30/12/2015","3.105","3.100","3.135","3.100","40,96M","0,32%"
"29/12/2015","3.095","3.100","3.120","3.075","38,49M","-0,80%"
"28/12/2015","3.120","3.090","3.170","3.090","47,63M","0,32%"
"23/12/2015","3.110","3.075","3.145","3.020","92,01M","-0,80%"
"22/12/2015","3.135","3.100","3.135","3.100","68,93M","0,80%"
"21/12/2015","3.110","3.060","3.115","3.040","80,76M","1,63%"
"18/12/2015","3.060","3.080","3.090","3.050","89,45M","-2,08%"
"17/12/2015","3.125","3.100","3.125","3.040","85,72M","2,80%"
"16/12/2015","3.040","3.085","3.085","2.960","96,85M","3,40%"
"15/12/2015","2.940","2.930","2.955","2.910","54,35M","0,34%"
"14/12/2015","2.930","2.900","2.955","2.900","83,86M","-0,68%"
"11/12/2015","2.950","3.020","3.025","2.950","77,70M","-1,99%"
"10/12/2015","3.010","2.950","3.020","2.950","144,52M","-0,17%"
"08/12/2015","3.015","3.015","3.070","3.000","129,10M","-0,50%"
"07/12/2015","3.030","3.000","3.060","3.000","78,11M","1,00%"
"04/12/2015","3.000","3.005","3.020","2.990","94,13M","-1,15%"
"03/12/2015","3.035","2.955","3.095","2.955","126,39M","2,19%"
"02/12/2015","2.970","2.935","2.980","2.935","79,85M","1,02%"
"01/12/2015","2.940","2.955","2.990","2.925","114,95M","0,34%"
"30/11/2015","2.930","2.900","2.980","2.900","248,67M","-1,01%"
"27/11/2015","2.960","2.960","2.970","2.945","64,31M","0,34%"
"26/11/2015","2.950","2.895","2.955","2.890","79,96M","1,72%"
"25/11/2015","2.900","2.890","2.925","2.860","73,00M","1,05%"
"24/11/2015","2.870","2.880","2.890","2.850","52,30M","2,50%"
"23/11/2015","2.800","2.935","2.950","2.800","58,47M","-3,95%"
"20/11/2015","2.915","2.805","2.920","2.805","80,69M","3,55%"
"19/11/2015","2.815","2.865","2.880","2.805","74,70M","-1,23%"
"18/11/2015","2.850","2.840","2.865","2.825","83,84M","1,24%"
"17/11/2015","2.815","2.750","2.850","2.740","107,17M","3,49%"
"16/11/2015","2.720","2.730","2.740","2.720","39,01M","-1,27%"
"13/11/2015","2.755","2.705","2.780","2.700","85,54M","1,47%"
"12/11/2015","2.715","2.700","2.740","2.675","67,58M","1,88%"
"11/11/2015","2.665","2.680","2.700","2.660","45,33M","-1,11%"
"10/11/2015","2.695","2.700","2.725","2.695","71,54M","-1,28%"
"09/11/2015","2.730","2.740","2.740","2.700","28,61M","-0,18%"
"06/11/2015","2.735","2.735","2.765","2.730","42,30M","1,11%"
"05/11/2015","2.705","2.740","2.750","2.705","40,65M","-0,92%"
"04/11/2015","2.730","2.740","2.755","2.725","62,26M","-0,36%"
"03/11/2015","2.740","2.720","2.750","2.715","52,63M","0,00%"
"02/11/2015","2.740","2.700","2.765","2.700","47,69M","2,24%"
"30/10/2015","2.680","2.750","2.760","2.680","97,80M","-1,83%"
"29/10/2015","2.730","2.795","2.795","2.720","100,88M","-2,33%"
"28/10/2015","2.795","2.765","2.805","2.765","46,13M","0,00%"
"27/10/2015","2.795","2.800","2.800","2.755","36,48M","-0,36%"
"26/10/2015","2.805","2.790","2.825","2.770","74,71M","1,63%"
"23/10/2015","2.760","2.780","2.785","2.730","84,72M","0,73%"
"22/10/2015","2.740","2.720","2.755","2.710","37,61M","0,37%"
"21/10/2015","2.730","2.745","2.765","2.715","44,46M","0,74%"
"20/10/2015","2.710","2.680","2.760","2.680","68,82M","-0,37%"
"19/10/2015","2.720","2.700","2.730","2.685","54,81M","1,49%"
"16/10/2015","2.680","2.725","2.725","2.675","73,26M","-0,19%"
"15/10/2015","2.685","2.660","2.730","2.660","87,33M","1,70%"
"13/10/2015","2.640","2.695","2.700","2.635","93,28M","-2,04%"
"12/10/2015","2.695","2.695","2.720","2.680","79,38M","-0,19%"
"09/10/2015","2.700","2.730","2.750","2.695","75,40M","-0,37%"
"08/10/2015","2.710","2.735","2.745","2.710","55,23M","-1,09%"
"07/10/2015","2.740","2.775","2.790","2.700","129,69M","-1,79%"
"06/10/2015","2.790","2.770","2.830","2.735","119,01M","2,57%"
"05/10/2015","2.720","2.620","2.755","2.615","71,56M","3,82%"
"02/10/2015","2.620","2.605","2.635","2.600","41,42M","-0,38%"
"01/10/2015","2.630","2.640","2.665","2.610","53,42M","-0,57%"
"30/09/2015","2.645","2.580","2.645","2.565","89,61M","1,54%"
"29/09/2015","2.605","2.550","2.605","2.485","69,46M","0,19%"
"28/09/2015","2.600","2.620","2.645","2.600","20,70M","-2,07%"
"25/09/2015","2.655","2.720","2.775","2.640","63,64M","0,00%"
"23/09/2015","2.655","2.665","2.700","2.655","36,09M","-1,67%"
"22/09/2015","2.700","2.735","2.745","2.695","52,31M","-1,10%"
"21/09/2015","2.730","2.690","2.735","2.680","39,50M","1,49%"
"18/09/2015","2.690","2.690","2.720","2.675","119,46M","0,37%"
"17/09/2015","2.680","2.700","2.710","2.655","110,69M","-1,47%"
"16/09/2015","2.720","2.720","2.745","2.700","32,02M","0,37%"
"15/09/2015","2.710","2.755","2.770","2.710","28,53M","-2,69%"
"14/09/2015","2.785","2.800","2.800","2.765","34,58M","0,91%"
"11/09/2015","2.760","2.800","2.800","2.760","28,86M","-0,18%"
"10/09/2015","2.765","2.720","2.785","2.705","64,26M","1,28%"
"09/09/2015","2.730","2.750","2.755","2.730","77,36M","0,00%"
"08/09/2015","2.730","2.680","2.740","2.680","35,42M","1,11%"
"07/09/2015","2.700","2.760","2.765","2.695","53,54M","-3,91%"
"04/09/2015","2.810","2.800","2.820","2.800","38,48M","0,36%"
"03/09/2015","2.800","2.805","2.820","2.785","29,99M","0,90%"
"02/09/2015","2.775","2.790","2.810","2.765","84,86M","-1,94%"
"01/09/2015","2.830","2.865","2.875","2.830","47,18M","-1,39%"
"31/08/2015","2.870","2.855","2.885","2.840","128,88M","0,17%"
"28/08/2015","2.865","2.835","2.870","2.820","121,09M","1,24%"
"27/08/2015","2.830","2.700","2.840","2.700","116,57M","5,20%"
"26/08/2015","2.690","2.625","2.695","2.590","174,95M","-0,55%"
"25/08/2015","2.705","2.650","2.770","2.650","98,00M","1,69%"
"24/08/2015","2.660","2.625","2.750","2.600","92,47M","-2,56%"
"21/08/2015","2.730","2.850","2.850","2.730","98,93M","-4,88%"
"20/08/2015","2.870","2.875","2.880","2.835","57,51M","-0,35%"
"19/08/2015","2.880","2.860","2.900","2.860","62,11M","0,17%"
"18/08/2015","2.875","2.870","2.890","2.850","93,59M","0,00%"
"14/08/2015","2.875","2.825","2.900","2.825","56,38M","1,77%"
"13/08/2015","2.825","2.810","2.860","2.805","77,68M","0,89%"
"12/08/2015","2.800","2.900","2.900","2.785","89,38M","-4,76%"
"11/08/2015","2.940","2.950","2.965","2.905","61,72M","-0,84%"
"10/08/2015","2.965","2.970","2.970","2.935","53,35M","0,34%"
"07/08/2015","2.955","2.945","2.965","2.935","67,86M","0,85%"
"06/08/2015","2.930","2.950","2.960","2.930","69,27M","-0,34%"
"05/08/2015","2.940","2.920","2.940","2.895","75,99M","2,26%"
"04/08/2015","2.875","2.880","2.925","2.875","53,12M","-1,54%"
"03/08/2015","2.920","2.940","2.940","2.880","86,43M","-0,68%"
"31/07/2015","2.940","2.880","2.950","2.870","87,35M","2,44%"
"30/07/2015","2.870","2.875","2.895","2.865","63,81M","0,53%"
"29/07/2015","2.855","2.865","2.870","2.845","43,29M","0,35%"
"28/07/2015","2.845","2.840","2.865","2.825","56,58M","0,71%"
"27/07/2015","2.825","2.855","2.855","2.820","67,07M","-1,05%"
"24/07/2015","2.855","2.835","2.865","2.830","50,08M","0,35%"
"23/07/2015","2.845","2.855","2.855","2.830","43,28M","-0,70%"
"22/07/2015","2.865","2.880","2.920","2.835","161,76M","1,42%"
"15/07/2015","2.825","2.870","2.890","2.800","84,78M","-1,91%"
"14/07/2015","2.880","2.900","2.900","2.880","35,29M","-0,35%"
"13/07/2015","2.890","2.895","2.895","2.875","43,62M","0,52%"
"10/07/2015","2.875","2.900","2.900","2.865","56,69M","0,00%"
"09/07/2015","2.875","2.925","2.925","2.845","45,05M","-0,86%"
"08/07/2015","2.900","2.950","2.950","2.890","100,67M","1,05%"
"07/07/2015","2.870","2.930","2.930","2.870","44,50M","-2,05%"
"06/07/2015","2.930","2.925","2.940","2.895","32,65M","0,00%"
"03/07/2015","2.930","2.910","2.935","2.910","24,95M","0,00%"
"02/07/2015","2.930","2.930","2.945","2.925","74,80M","0,34%"
"01/07/2015","2.920","2.935","2.950","2.920","53,55M","-0,34%"
"30/06/2015","2.930","2.900","2.955","2.895","132,13M","0,86%"
"29/06/2015","2.905","2.925","2.925","2.865","38,63M","-1,02%"
"26/06/2015","2.935","2.940","2.945","2.920","77,63M","1,03%"
"25/06/2015","2.905","2.895","2.950","2.875","168,57M","0,87%"
"24/06/2015","2.880","2.875","2.880","2.860","62,91M","1,05%"
"23/06/2015","2.850","2.850","2.885","2.845","61,39M","0,53%"
"22/06/2015","2.835","2.875","2.885","2.830","51,15M","-1,90%"
"19/06/2015","2.890","2.870","2.890","2.870","54,27M","0,35%"
"18/06/2015","2.880","2.865","2.885","2.865","44,78M","0,17%"
"17/06/2015","2.875","2.870","2.890","2.865","74,97M","0,17%"
"16/06/2015","2.870","2.805","2.885","2.800","81,86M","2,14%"
"15/06/2015","2.810","2.855","2.855","2.810","29,29M","-1,40%"
"12/06/2015","2.850","2.870","2.875","2.840","26,17M","-0,70%"
"11/06/2015","2.870","2.870","2.880","2.865","41,70M","0,35%"
"10/06/2015","2.860","2.870","2.880","2.855","100,29M","1,06%"
"09/06/2015","2.830","2.850","2.850","2.815","75,28M","-0,88%"
"08/06/2015","2.855","2.840","2.855","2.825","43,38M","0,00%"
"05/06/2015","2.855","2.810","2.870","2.810","50,20M","1,06%"
"04/06/2015","2.825","2.830","2.865","2.825","61,66M","-1,74%"
"03/06/2015","2.875","2.880","2.890","2.830","81,72M","1,05%"
"01/06/2015","2.845","2.870","2.870","2.845","27,01M","0,00%"
"29/05/2015","2.845","2.840","2.870","2.835","96,99M","-0,35%"
"28/05/2015","2.855","2.835","2.870","2.835","59,96M","0,88%"
"27/05/2015","2.830","2.845","2.865","2.830","46,54M","-1,39%"
"26/05/2015","2.870","2.830","2.880","2.830","47,70M","1,41%"
"25/05/2015","2.830","2.840","2.865","2.830","13,91M","-1,39%"
"22/05/2015","2.870","2.860","2.880","2.840","44,37M","0,70%"
"21/05/2015","2.850","2.850","2.880","2.835","85,76M","0,53%"
"20/05/2015","2.835","2.835","2.850","2.830","71,45M","0,18%"
"19/05/2015","2.830","2.825","2.835","2.800","85,49M","0,00%"
"18/05/2015","2.830","2.800","2.830","2.795","81,34M","-0,35%"
"15/05/2015","2.840","2.810","2.840","2.785","104,42M","0,18%"
"13/05/2015","2.835","2.800","2.850","2.785","55,30M","1,25%"
"12/05/2015","2.800","2.840","2.865","2.795","78,81M","-1,58%"
"11/05/2015","2.845","2.880","2.895","2.845","71,65M","-0,52%"
"08/05/2015","2.860","2.840","2.885","2.830","85,97M","1,06%"
"07/05/2015","2.830","2.745","2.850","2.745","90,06M","2,17%"
"06/05/2015","2.770","2.735","2.770","2.695","96,33M","0,73%"
"05/05/2015","2.750","2.760","2.785","2.725","111,36M","-0,54%"
"04/05/2015","2.765","2.620","2.775","2.620","108,36M","5,74%"
"30/04/2015","2.615","2.715","2.730","2.615","219,28M","-3,15%"
"29/04/2015","2.700","2.780","2.790","2.595","162,31M","-3,23%"
"28/04/2015","2.790","2.790","2.795","2.750","87,48M","-0,71%"
"27/04/2015","2.810","2.860","2.860","2.805","104,27M","-3,27%"
"24/04/2015","2.905","2.855","2.910","2.855","139,05M","1,75%"
"23/04/2015","2.855","2.835","2.870","2.830","132,58M","0,88%"
"22/04/2015","2.830","2.820","2.840","2.815","71,02M","-0,18%"
"21/04/2015","2.835","2.825","2.835","2.805","64,05M","0,00%"
"20/04/2015","2.835","2.815","2.835","2.795","99,75M","1,07%"
"17/04/2015","2.805","2.805","2.815","2.800","92,64M","-0,18%"
"16/04/2015","2.810","2.820","2.820","2.800","68,91M","0,18%"
"15/04/2015","2.805","2.795","2.810","2.785","71,99M","0,36%"
"14/04/2015","2.795","2.805","2.815","2.785","95,56M","0,00%"
"13/04/2015","2.795","2.810","2.825","2.795","100,02M","-1,06%"
"10/04/2015","2.825","2.840","2.840","2.815","96,57M","-0,53%"
"09/04/2015","2.840","2.860","2.860","2.825","54,40M","-0,70%"
"08/04/2015","2.860","2.855","2.870","2.850","75,59M","0,18%"
"07/04/2015","2.855","2.845","2.870","2.825","42,25M","0,71%"
"06/04/2015","2.835","2.845","2.850","2.825","37,57M","0,35%"
"02/04/2015","2.825","2.815","2.850","2.815","58,31M","-0,35%"
"01/04/2015","2.835","2.885","2.890","2.810","121,82M","-1,90%"
"31/03/2015","2.890","2.895","2.920","2.850","152,59M","0,87%"
"30/03/2015","2.865","2.840","2.895","2.835","94,09M","1,96%"
"27/03/2015","2.810","2.785","2.855","2.770","89,43M","0,00%"
"26/03/2015","2.810","2.850","2.860","2.805","143,90M","-2,43%"
"25/03/2015","2.880","2.920","2.920","2.870","90,31M","-1,37%"
"24/03/2015","2.920","2.920","2.940","2.915","84,44M","0,00%"
"23/03/2015","2.920","2.940","2.940","2.920","46,26M","0,00%"
"20/03/2015","2.920","2.930","2.945","2.915","122,73M","-1,02%"
"19/03/2015","2.950","2.965","2.970","2.940","120,86M","0,00%"
"18/03/2015","2.950","2.940","2.965","2.935","61,17M","-0,17%"
"17/03/2015","2.955","2.980","2.995","2.950","98,97M","-0,67%"
"16/03/2015","2.975","2.945","2.995","2.945","66,01M","0,68%"
"13/03/2015","2.955","2.960","2.980","2.935","80,73M","1,03%"
"12/03/2015","2.925","2.925","2.945","2.920","54,87M","-0,51%"
"11/03/2015","2.940","2.940","2.975","2.930","89,15M","-0,17%"
"10/03/2015","2.945","2.925","2.970","2.915","85,40M","0,00%"
"09/03/2015","2.945","2.975","2.975","2.915","85,03M","-1,34%"
"06/03/2015","2.985","2.945","2.985","2.935","129,54M","2,58%"
"05/03/2015","2.910","2.910","2.945","2.900","73,26M","0,00%"
"04/03/2015","2.910","2.945","2.945","2.900","58,54M","-1,19%"
"03/03/2015","2.945","2.960","2.965","2.930","78,33M","-0,17%"
"02/03/2015","2.950","2.945","2.960","2.935","114,43M","0,51%"
"27/02/2015","2.935","2.985","2.990","2.935","88,61M","-1,34%"
"26/02/2015","2.975","2.955","2.990","2.945","86,74M","0,17%"
"25/02/2015","2.970","2.920","2.970","2.910","102,01M","2,24%"
"24/02/2015","2.905","2.900","2.935","2.890","65,08M","-0,17%"
"23/02/2015","2.910","2.920","2.925","2.900","68,00M","0,69%"
"20/02/2015","2.890","2.920","2.940","2.890","68,33M","-0,17%"
"18/02/2015","2.895","2.915","2.925","2.890","57,48M","0,00%"
"17/02/2015","2.895","2.870","2.905","2.870","42,05M","0,17%"
"16/02/2015","2.890","2.970","2.995","2.880","100,71M","-3,02%"
"13/02/2015","2.980","2.915","3.020","2.915","183,46M","2,94%"
"12/02/2015","2.895","2.865","2.905","2.860","132,39M","1,22%"
"11/02/2015","2.860","2.860","2.870","2.850","94,91M","0,53%"
"10/02/2015","2.845","2.875","2.875","2.835","70,24M","-0,52%"
"09/02/2015","2.860","2.830","2.875","2.820","99,11M","1,06%"
"06/02/2015","2.830","2.820","2.845","2.805","89,31M","0,53%"
"05/02/2015","2.815","2.840","2.845","2.800","127,92M","-1,05%"
"04/02/2015","2.845","2.850","2.850","2.830","110,12M","0,71%"
"03/02/2015","2.825","2.825","2.825","2.805","73,60M","0,71%"
"02/02/2015","2.805","2.830","2.830","2.800","125,84M","-0,88%"
"30/01/2015","2.830","2.875","2.875","2.830","80,09M","-1,05%"
"29/01/2015","2.860","2.855","2.865","2.845","47,05M","0,53%"
"28/01/2015","2.845","2.840","2.855","2.825","104,50M","0,53%"
"27/01/2015","2.830","2.820","2.835","2.780","118,43M","0,35%"
"26/01/2015","2.820","2.895","2.895","2.795","199,32M","-2,42%"
"23/01/2015","2.890","2.900","2.905","2.870","86,23M","0,35%"
"22/01/2015","2.880","2.925","2.930","2.870","59,09M","-1,20%"
"21/01/2015","2.915","2.900","2.920","2.890","71,62M","0,52%"
"20/01/2015","2.900","2.860","2.900","2.845","64,56M","1,58%"
"19/01/2015","2.855","2.850","2.855","2.845","25,07M","0,35%"
"16/01/2015","2.845","2.845","2.845","2.825","24,70M","0,53%"
"15/01/2015","2.830","2.835","2.840","2.810","42,52M","0,18%"
"14/01/2015","2.825","2.845","2.845","2.825","39,65M","-0,53%"
"13/01/2015","2.840","2.830","2.845","2.825","64,07M","0,18%"
"12/01/2015","2.835","2.840","2.855","2.835","62,09M","-0,87%"
"09/01/2015","2.860","2.840","2.865","2.840","71,33M","0,88%"
"08/01/2015","2.835","2.840","2.845","2.825","56,58M","0,89%"
"07/01/2015","2.810","2.865","2.870","2.795","70,08M","-0,18%"
"06/01/2015","2.815","2.810","2.835","2.800","47,89M","-0,71%"
"05/01/2015","2.835","2.850","2.850","2.820","49,94M","-0,87%"
"02/01/2015","2.860","2.885","2.885","2.850","18,99M","-0,17%"
"30/12/2014","2.865","2.830","2.870","2.830","65,40M","0,53%"
"29/12/2014","2.850","2.840","2.860","2.840","26,20M","0,18%"
"24/12/2014","2.845","2.820","2.850","2.820","37,57M","0,71%"
"23/12/2014","2.825","2.805","2.835","2.805","74,38M","0,00%"
"22/12/2014","2.825","2.845","2.850","2.815","80,56M","0,36%"
"19/12/2014","2.815","2.840","2.855","2.815","83,81M","0,54%"
"18/12/2014","2.800","2.775","2.805","2.765","59,25M","2,75%"
"17/12/2014","2.725","2.775","2.775","2.725","83,78M","-0,73%"
"16/12/2014","2.745","2.750","2.765","2.730","98,26M","-1,44%"
"15/12/2014","2.785","2.790","2.815","2.765","87,24M","-1,42%"
"12/12/2014","2.825","2.835","2.840","2.815","83,57M","-0,35%"
"11/12/2014","2.835","2.805","2.850","2.805","95,38M","0,00%"
"10/12/2014","2.835","2.785","2.840","2.785","46,56M","1,43%"
"09/12/2014","2.795","2.790","2.815","2.780","66,59M","-0,36%"
"08/12/2014","2.805","2.875","2.875","2.795","48,97M","-1,23%"
"05/12/2014","2.840","2.865","2.865","2.840","19,17M","-0,18%"
"04/12/2014","2.845","2.875","2.875","2.830","43,82M","-0,18%"
"03/12/2014","2.850","2.890","2.890","2.850","41,40M","-0,87%"
"02/12/2014","2.875","2.885","2.890","2.850","52,99M","-0,17%"
"01/12/2014","2.880","2.835","2.885","2.825","101,93M","1,95%"
"28/11/2014","2.825","2.830","2.830","2.800","43,62M","0,53%"
"27/11/2014","2.810","2.805","2.825","2.790","33,29M","-0,18%"
"26/11/2014","2.815","2.795","2.825","2.785","67,76M","1,08%"
"25/11/2014","2.785","2.805","2.805","2.775","86,58M","-1,07%"
"24/11/2014","2.815","2.775","2.815","2.775","94,48M","1,81%"
"21/11/2014","2.765","2.720","2.770","2.715","44,94M","1,65%"
"20/11/2014","2.720","2.770","2.780","2.720","136,43M","-1,98%"
"19/11/2014","2.775","2.765","2.780","2.755","99,75M","0,73%"
"18/11/2014","2.755","2.760","2.760","2.745","49,79M","0,18%"
"17/11/2014","2.750","2.700","2.760","2.700","85,23M","0,36%"
"14/11/2014","2.740","2.750","2.760","2.725","53,68M","0,18%"
"13/11/2014","2.735","2.730","2.740","2.710","54,33M","0,18%"
"12/11/2014","2.730","2.750","2.760","2.730","70,90M","0,55%"
"11/11/2014","2.715","2.630","2.730","2.630","102,32M","3,23%"
"10/11/2014","2.630","2.650","2.660","2.620","54,61M","0,57%"
"07/11/2014","2.615","2.700","2.705","2.590","178,68M","-3,51%"
"06/11/2014","2.710","2.750","2.750","2.710","83,25M","-1,09%"
"05/11/2014","2.740","2.760","2.770","2.735","66,51M","0,00%"
"04/11/2014","2.740","2.745","2.760","2.735","68,74M","-0,72%"
"03/11/2014","2.760","2.775","2.775","2.720","84,38M","0,36%"
"31/10/2014","2.750","2.780","2.790","2.735","103,44M","-0,36%"
"30/10/2014","2.760","2.735","2.765","2.730","111,62M","1,47%"
"29/10/2014","2.720","2.700","2.730","2.690","159,00M","1,30%"
"28/10/2014","2.685","2.760","2.765","2.680","254,46M","-4,28%"
"27/10/2014","2.805","2.870","2.880","2.805","74,08M","-2,26%"
"24/10/2014","2.870","2.870","2.880","2.860","59,63M","-0,35%"
"23/10/2014","2.880","2.875","2.890","2.850","47,41M","0,70%"
"22/10/2014","2.860","2.890","2.900","2.860","91,73M","0,35%"
"21/10/2014","2.850","2.850","2.890","2.820","97,68M","0,18%"
"20/10/2014","2.845","2.830","2.900","2.820","168,03M","1,43%"
"17/10/2014","2.805","2.810","2.830","2.800","156,78M","0,00%"
"16/10/2014","2.805","2.815","2.850","2.805","124,80M","-1,75%"
"15/10/2014","2.855","2.800","2.860","2.795","181,36M","2,88%"
"14/10/2014","2.775","2.760","2.800","2.755","65,62M","0,00%"
"13/10/2014","2.775","2.760","2.825","2.755","85,52M","0,00%"
"10/10/2014","2.775","2.765","2.795","2.750","91,03M","-0,89%"
"09/10/2014","2.800","2.800","2.825","2.790","60,57M","0,00%"
"08/10/2014","2.800","2.860","2.860","2.800","78,47M","-2,10%"
"07/10/2014","2.860","2.840","2.900","2.835","83,20M","0,53%"
"06/10/2014","2.845","2.850","2.850","2.805","50,85M","1,97%"
"03/10/2014","2.790","2.775","2.810","2.765","88,59M","1,09%"
"02/10/2014","2.760","2.850","2.850","2.740","153,86M","-3,66%"
"01/10/2014","2.865","2.915","2.930","2.865","94,79M","-1,72%"
"30/09/2014","2.915","2.915","2.960","2.900","94,73M","0,17%"
"29/09/2014","2.910","2.870","2.910","2.850","52,13M","1,04%"
"26/09/2014","2.880","2.865","2.890","2.825","71,16M","-0,17%"
"25/09/2014","2.885","2.890","2.895","2.840","69,38M","0,52%"
"24/09/2014","2.870","2.885","2.895","2.870","55,01M","-0,69%"
"23/09/2014","2.890","2.895","2.910","2.865","94,04M","0,70%"
"22/09/2014","2.870","2.925","2.935","2.860","103,91M","-2,55%"
"19/09/2014","2.945","2.875","3.010","2.870","115,54M","2,43%"
"18/09/2014","2.875","2.850","2.890","2.835","75,96M","0,88%"
"17/09/2014","2.850","2.810","2.855","2.800","95,34M","1,97%"
"16/09/2014","2.795","2.790","2.800","2.770","62,55M","0,72%"
"15/09/2014","2.775","2.750","2.785","2.730","69,55M","-0,54%"
"12/09/2014","2.790","2.805","2.815","2.790","69,32M","-0,18%"
"11/09/2014","2.795","2.810","2.830","2.795","60,49M","-0,53%"
"10/09/2014","2.810","2.800","2.820","2.775","57,83M","-0,35%"
"09/09/2014","2.820","2.825","2.835","2.805","87,93M","-0,53%"
"08/09/2014","2.835","2.750","2.855","2.750","145,10M","3,85%"
"05/09/2014","2.730","2.725","2.730","2.710","74,07M","0,00%"
"04/09/2014","2.730","2.725","2.740","2.715","86,47M","0,18%"
"03/09/2014","2.725","2.715","2.730","2.710","88,02M","0,93%"
"02/09/2014","2.700","2.710","2.710","2.680","63,80M","-0,37%"
"01/09/2014","2.710","2.685","2.710","2.675","76,90M","1,69%"
"29/08/2014","2.665","2.700","2.715","2.665","120,07M","-2,02%"
"28/08/2014","2.720","2.750","2.760","2.715","82,77M","-0,55%"
"27/08/2014","2.735","2.725","2.745","2.725","103,16M","1,11%"
"26/08/2014","2.705","2.705","2.725","2.690","90,49M","0,74%"
"25/08/2014","2.685","2.685","2.695","2.660","54,57M","0,00%"
"22/08/2014","2.685","2.725","2.730","2.670","159,32M","-1,10%"
"21/08/2014","2.715","2.725","2.725","2.700","60,15M","-0,37%"
"20/08/2014","2.725","2.710","2.730","2.690","105,46M","0,93%"
"19/08/2014","2.700","2.750","2.760","2.690","110,70M","-0,92%"
"18/08/2014","2.725","2.725","2.750","2.710","64,65M","0,55%"
"15/08/2014","2.710","2.730","2.755","2.710","84,09M","-1,63%"
"14/08/2014","2.755","2.780","2.795","2.725","72,10M","-1,08%"
"13/08/2014","2.785","2.795","2.800","2.760","65,91M","0,18%"
"12/08/2014","2.780","2.770","2.795","2.760","60,48M","1,09%"
"11/08/2014","2.750","2.720","2.750","2.710","90,54M","1,85%"
"08/08/2014","2.700","2.695","2.710","2.685","57,24M","0,37%"
"07/08/2014","2.690","2.655","2.695","2.655","80,25M","1,32%"
"06/08/2014","2.655","2.700","2.710","2.650","83,11M","-2,03%"
"05/08/2014","2.710","2.710","2.725","2.685","97,98M","0,74%"
"04/08/2014","2.690","2.600","2.700","2.590","212,20M","1,51%"
"25/07/2014","2.650","2.660","2.680","2.630","79,93M","0,38%"
"24/07/2014","2.640","2.650","2.685","2.605","74,46M","1,15%"
"23/07/2014","2.610","2.670","2.675","2.605","93,20M","-1,51%"
"22/07/2014","2.650","2.700","2.710","2.545","139,58M","-1,67%"
"21/07/2014","2.695","2.700","2.710","2.645","57,84M","0,56%"
"18/07/2014","2.680","2.610","2.695","2.600","54,71M","1,32%"
"17/07/2014","2.645","2.675","2.680","2.580","38,56M","-0,19%"
"16/07/2014","2.650","2.620","2.685","2.620","63,72M","-0,19%"
"15/07/2014","2.655","2.640","2.655","2.625","57,48M","1,72%"
"14/07/2014","2.610","2.610","2.645","2.585","92,35M","1,36%"
"11/07/2014","2.575","2.580","2.595","2.530","95,57M","-0,58%"
"10/07/2014","2.590","2.690","2.710","2.545","203,91M","-0,96%"
"09/07/2014","2.615","2.620","2.710","2.615","151,66M","0,00%"
"08/07/2014","2.615","2.620","2.710","2.615","151,66M","0,58%"
"07/07/2014","2.600","2.540","2.600","2.530","225,72M","2,97%"
"04/07/2014","2.525","2.475","2.540","2.475","96,43M","2,02%"
"03/07/2014","2.475","2.515","2.515","2.465","72,54M","-1,00%"
"02/07/2014","2.500","2.480","2.500","2.475","44,56M","0,81%"
"01/07/2014","2.480","2.480","2.480","2.465","46,37M","0,61%"
"30/06/2014","2.465","2.430","2.465","2.430","90,41M","1,65%"
"27/06/2014","2.425","2.470","2.475","2.415","77,79M","-1,62%"
"26/06/2014","2.465","2.455","2.475","2.450","81,59M","0,61%"
"25/06/2014","2.450","2.480","2.485","2.445","98,33M","-0,61%"
"24/06/2014","2.465","2.465","2.465","2.445","75,03M","0,41%"
"23/06/2014","2.455","2.440","2.480","2.430","193,42M","1,87%"
"20/06/2014","2.410","2.440","2.445","2.410","71,74M","0,00%"
"19/06/2014","2.410","2.430","2.440","2.410","77,75M","-0,41%"
"18/06/2014","2.420","2.415","2.425","2.410","60,81M","0,00%"
"17/06/2014","2.420","2.420","2.420","2.405","68,54M","0,41%"
"16/06/2014","2.410","2.435","2.445","2.410","95,20M","-1,23%"
"13/06/2014","2.440","2.450","2.455","2.415","159,44M","1,46%"
"12/06/2014","2.405","2.480","2.495","2.405","328,67M","-3,02%"
"11/06/2014","2.480","2.540","2.545","2.480","110,61M","-1,78%"
"10/06/2014","2.525","2.470","2.540","2.470","101,77M","2,23%"
"09/06/2014","2.470","2.525","2.525","2.470","59,55M","-2,37%"
"06/06/2014","2.530","2.515","2.535","2.500","36,93M","0,40%"
"05/06/2014","2.520","2.520","2.540","2.505","64,88M","0,00%"
"04/06/2014","2.520","2.520","2.530","2.490","80,45M","-1,18%"
"03/06/2014","2.550","2.505","2.550","2.485","97,71M","1,19%"
"02/06/2014","2.520","2.470","2.540","2.470","111,56M","-2,14%"
"30/05/2014","2.575","2.550","2.575","2.420","373,79M","0,98%"
"28/05/2014","2.550","2.560","2.580","2.545","90,56M","-0,58%"
"26/05/2014","2.565","2.550","2.575","2.550","91,08M","1,18%"
"23/05/2014","2.535","2.550","2.550","2.520","59,35M","0,00%"
"22/05/2014","2.535","2.500","2.535","2.500","124,01M","2,22%"
"21/05/2014","2.480","2.400","2.490","2.400","101,82M","2,06%"
"20/05/2014","2.430","2.520","2.520","2.410","262,96M","-5,81%"
"19/05/2014","2.580","2.560","2.700","2.490","244,44M","1,78%"
"16/05/2014","2.535","2.415","2.545","2.410","252,32M","5,63%"
"14/05/2014","2.400","2.370","2.405","2.360","96,63M","1,69%"
"13/05/2014","2.360","2.365","2.370","2.340","80,15M","0,43%"
"12/05/2014","2.350","2.350","2.350","2.340","56,05M","0,00%"
"09/05/2014","2.350","2.345","2.355","2.340","66,93M","0,21%"
"08/05/2014","2.345","2.350","2.355","2.325","61,62M","-0,21%"
"07/05/2014","2.350","2.315","2.355","2.315","88,88M","0,86%"
"06/05/2014","2.330","2.330","2.335","2.320","27,88M","0,22%"
"05/05/2014","2.325","2.305","2.325","2.300","52,54M","1,09%"
"02/05/2014","2.300","2.285","2.310","2.275","110,29M","1,55%"
"30/04/2014","2.265","2.270","2.305","2.265","127,12M","-0,22%"
"29/04/2014","2.270","2.280","2.280","2.240","71,11M","-2,58%"
"28/04/2014","2.330","2.350","2.370","2.330","94,23M","-1,48%"
"25/04/2014","2.365","2.355","2.380","2.355","86,10M","0,42%"
"24/04/2014","2.355","2.330","2.365","2.330","75,32M","0,64%"
"23/04/2014","2.340","2.335","2.345","2.330","90,24M","0,21%"
"22/04/2014","2.335","2.320","2.340","2.305","76,26M","0,86%"
"21/04/2014","2.315","2.330","2.335","2.315","44,75M","-0,43%"
"17/04/2014","2.325","2.325","2.330","2.315","63,69M","0,22%"
"16/04/2014","2.320","2.325","2.325","2.315","56,18M","0,87%"
"15/04/2014","2.300","2.310","2.335","2.300","144,01M","-1,71%"
"14/04/2014","2.340","2.320","2.345","2.315","139,48M","1,08%"
"11/04/2014","2.315","2.245","2.315","2.240","140,79M","2,43%"
"10/04/2014","2.260","2.300","2.300","2.150","324,28M","-3,00%"
"08/04/2014","2.330","2.325","2.330","2.300","152,51M","0,43%"
"07/04/2014","2.320","2.290","2.325","2.290","213,13M","1,98%"
"04/04/2014","2.275","2.260","2.285","2.240","129,92M","0,66%"
"03/04/2014","2.260","2.250","2.260","2.235","96,76M","0,44%"
"02/04/2014","2.250","2.255","2.265","2.245","71,97M","-0,22%"
"01/04/2014","2.255","2.230","2.255","2.230","155,47M","1,81%"
"28/03/2014","2.215","2.190","2.225","2.190","66,33M","1,84%"
"27/03/2014","2.175","2.205","2.230","2.175","117,11M","-1,58%"
"26/03/2014","2.210","2.205","2.215","2.170","108,83M","0,91%"
"25/03/2014","2.190","2.200","2.220","2.190","64,71M","-1,79%"
"24/03/2014","2.230","2.175","2.240","2.175","96,37M","3,24%"
"21/03/2014","2.160","2.205","2.220","2.160","204,70M","-1,37%"
"20/03/2014","2.190","2.260","2.270","2.190","139,02M","-3,10%"
"19/03/2014","2.260","2.210","2.290","2.210","184,62M","2,26%"
"18/03/2014","2.210","2.250","2.260","2.210","184,50M","-1,78%"
"17/03/2014","2.250","2.285","2.290","2.230","211,33M","-1,32%"
"14/03/2014","2.280","2.170","2.280","2.160","243,93M","4,11%"
"13/03/2014","2.190","2.170","2.210","2.170","174,55M","1,15%"
"12/03/2014","2.165","2.160","2.175","2.130","142,74M","-0,69%"
"11/03/2014","2.180","2.185","2.210","2.165","181,13M","-0,23%"
"10/03/2014","2.185","2.260","2.260","2.175","302,48M","-4,79%"
"07/03/2014","2.295","2.325","2.325","2.275","179,23M","-0,65%"
"06/03/2014","2.310","2.320","2.340","2.300","67,36M","-0,43%"
"05/03/2014","2.320","2.325","2.340","2.315","81,01M","0,87%"
"04/03/2014","2.300","2.295","2.310","2.275","67,57M","0,00%"
"03/03/2014","2.300","2.310","2.310","2.285","55,71M","-1,08%"
"28/02/2014","2.325","2.285","2.325","2.285","77,85M","1,75%"
"27/02/2014","2.285","2.285","2.290","2.275","51,65M","0,00%"
"26/02/2014","2.285","2.275","2.310","2.270","133,97M","-0,22%"
"25/02/2014","2.290","2.380","2.380","2.285","109,90M","-3,58%"
"24/02/2014","2.375","2.400","2.420","2.365","116,06M","-1,04%"
"21/02/2014","2.400","2.380","2.420","2.375","122,94M","1,69%"
"20/02/2014","2.360","2.325","2.375","2.320","160,66M","1,29%"
"19/02/2014","2.330","2.315","2.340","2.310","120,16M","1,08%"
"18/02/2014","2.305","2.285","2.315","2.275","90,24M","1,32%"
"17/02/2014","2.275","2.255","2.280","2.250","119,24M","1,11%"
"14/02/2014","2.250","2.265","2.275","2.250","56,71M","-0,66%"
"13/02/2014","2.265","2.290","2.290","2.265","97,34M","-1,09%"
"12/02/2014","2.290","2.280","2.295","2.260","132,25M","0,66%"
"11/02/2014","2.275","2.275","2.290","2.260","103,09M","-0,87%"
"10/02/2014","2.295","2.310","2.320","2.295","81,76M","0,00%"
"07/02/2014","2.295","2.300","2.310","2.285","89,29M","-0,43%"
"06/02/2014","2.305","2.250","2.310","2.235","156,44M","3,13%"
"05/02/2014","2.235","2.245","2.245","2.225","51,82M","1,82%"
"04/02/2014","2.195","2.190","2.230","2.170","84,79M","-1,13%"
"03/02/2014","2.220","2.250","2.265","2.220","59,46M","-2,42%"
"30/01/2014","2.275","2.195","2.275","2.185","137,60M","2,02%"
"29/01/2014","2.230","2.165","2.255","2.165","98,50M","3,72%"
"28/01/2014","2.150","2.150","2.165","2.115","63,02M","0,00%"
"27/01/2014","2.150","2.150","2.175","2.100","79,20M","-2,71%"
"24/01/2014","2.210","2.200","2.235","2.190","85,99M","-0,67%"
"23/01/2014","2.225","2.230","2.240","2.205","83,55M","-0,22%"
"22/01/2014","2.230","2.225","2.245","2.180","100,49M","-1,11%"
"21/01/2014","2.255","2.240","2.255","2.225","53,20M","0,22%"
"20/01/2014","2.250","2.205","2.250","2.205","55,96M","1,12%"
"17/01/2014","2.225","2.215","2.250","2.215","57,12M","-0,22%"
"16/01/2014","2.230","2.235","2.265","2.210","93,77M","1,13%"
"15/01/2014","2.205","2.200","2.240","2.175","178,60M","-0,68%"
"13/01/2014","2.220","2.180","2.240","2.175","159,88M","3,50%"
"10/01/2014","2.145","2.085","2.155","2.075","95,28M","2,88%"
"09/01/2014","2.085","2.100","2.115","2.085","71,93M","-0,71%"
"08/01/2014","2.100","2.085","2.100","2.065","84,51M","1,45%"
"07/01/2014","2.070","2.085","2.085","2.060","73,64M","-0,72%"
"06/01/2014","2.085","2.175","2.175","2.065","81,74M","-1,88%"
"03/01/2014","2.125","2.125","2.175","2.100","60,00M","-2,30%"
"02/01/2014","2.175","2.175","2.200","2.150","44,45M","1,16%"
"01/01/2014","2.150","2.150","2.150","2.125","52,86M","0,00%"
"30/12/2013","2.150","2.150","2.150","2.125","52,86M","1,18%"
"27/12/2013","2.125","2.125","2.150","2.075","51,95M","0,00%"
"24/12/2013","2.125","2.100","2.150","2.075","55,39M","2,41%"
"23/12/2013","2.075","2.125","2.125","2.025","106,62M","-1,19%"
"20/12/2013","2.100","2.125","2.150","2.075","108,21M","-1,18%"
"19/12/2013","2.125","2.100","2.150","2.100","115,38M","2,41%"
"18/12/2013","2.075","2.075","2.100","2.050","110,17M","1,22%"
"17/12/2013","2.050","2.100","2.100","2.025","166,18M","-1,20%"
"16/12/2013","2.075","2.075","2.100","2.050","83,27M","0,00%"
"13/12/2013","2.075","2.100","2.125","2.050","127,41M","0,00%"
"12/12/2013","2.075","2.050","2.125","2.050","122,27M","-1,19%"
"11/12/2013","2.100","2.025","2.100","2.025","182,32M","3,70%"
"10/12/2013","2.025","2.050","2.075","2.025","224,62M","0,00%"
"09/12/2013","2.025","2.025","2.050","1.980","217,08M","1,25%"
"06/12/2013","2.000","2.050","2.050","1.990","207,72M","-2,44%"
"05/12/2013","2.050","2.100","2.125","2.000","179,66M","-2,38%"
"04/12/2013","2.100","2.125","2.150","2.100","83,15M","-2,33%"
"03/12/2013","2.150","2.175","2.200","2.100","82,44M","-2,27%"
"02/12/2013","2.200","2.200","2.200","2.150","22,66M","1,15%"
"29/11/2013","2.175","2.125","2.175","2.125","50,60M","1,16%"
"28/11/2013","2.150","2.150","2.150","2.100","60,91M","1,18%"
"27/11/2013","2.125","2.075","2.125","2.075","128,73M","4,94%"
"26/11/2013","2.025","2.150","2.150","2.025","230,52M","-5,81%"
"25/11/2013","2.150","2.150","2.175","2.125","70,23M","0,00%"
"22/11/2013","2.150","2.200","2.225","2.150","108,12M","-3,37%"
"21/11/2013","2.225","2.225","2.225","2.175","97,51M","0,00%"
"20/11/2013","2.225","2.250","2.250","2.175","136,81M","-2,20%"
"19/11/2013","2.275","2.225","2.275","2.200","52,45M","2,25%"
"18/11/2013","2.225","2.175","2.225","2.175","87,65M","2,30%"
"15/11/2013","2.175","2.200","2.225","2.125","91,93M","0,00%"
"14/11/2013","2.175","2.150","2.200","2.150","91,59M","2,35%"
"13/11/2013","2.125","2.200","2.200","2.100","166,39M","-4,49%"
"12/11/2013","2.225","2.250","2.250","2.200","65,35M","0,00%"
"11/11/2013","2.225","2.250","2.275","2.225","100,43M","-2,20%"
"08/11/2013","2.275","2.250","2.300","2.250","119,43M","0,00%"
"07/11/2013","2.275","2.300","2.300","2.250","109,37M","0,00%"
"06/11/2013","2.275","2.300","2.300","2.250","130,40M","-2,15%"
"04/11/2013","2.325","2.275","2.325","2.250","63,13M","1,09%"
"01/11/2013","2.300","2.300","2.350","2.300","93,56M","-2,13%"
"31/10/2013","2.350","2.275","2.350","2.225","175,64M","2,17%"
"30/10/2013","2.300","2.300","2.325","2.275","102,48M","0,00%"
"29/10/2013","2.300","2.250","2.300","2.225","81,93M","1,10%"
"28/10/2013","2.275","2.225","2.275","2.200","103,36M","4,60%"
"25/10/2013","2.175","2.225","2.250","2.150","122,37M","-2,25%"
"24/10/2013","2.225","2.225","2.300","2.200","123,03M","-1,11%"
"23/10/2013","2.250","2.275","2.300","2.225","113,43M","0,00%"
"22/10/2013","2.250","2.275","2.300","2.225","146,87M","-3,23%"
"21/10/2013","2.325","2.350","2.375","2.275","84,73M","-1,06%"
"18/10/2013","2.350","2.300","2.350","2.275","63,75M","1,08%"
"17/10/2013","2.325","2.300","2.350","2.275","65,27M","2,20%"
"16/10/2013","2.275","2.275","2.300","2.200","105,37M","-2,15%"
"11/10/2013","2.325","2.350","2.350","2.300","108,60M","0,00%"
"10/10/2013","2.325","2.300","2.325","2.250","81,71M","2,20%"
"09/10/2013","2.275","2.250","2.300","2.225","134,37M","2,25%"
"08/10/2013","2.225","2.200","2.250","2.200","78,67M","-1,11%"
"07/10/2013","2.250","2.250","2.275","2.200","54,72M","0,00%"
"04/10/2013","2.250","2.225","2.250","2.175","67,58M","1,12%"
"03/10/2013","2.225","2.225","2.225","2.200","51,04M","1,14%"
"02/10/2013","2.200","2.175","2.225","2.175","84,95M","2,33%"
"01/10/2013","2.150","2.100","2.175","2.100","69,87M","2,38%"
"30/09/2013","2.100","2.125","2.150","2.075","137,82M","-3,45%"
"27/09/2013","2.175","2.200","2.200","2.150","100,72M","1,16%"
"26/09/2013","2.150","2.150","2.250","2.125","124,71M","0,00%"
"25/09/2013","2.150","2.150","2.175","2.050","190,40M","-2,27%"
"24/09/2013","2.200","2.225","2.250","2.175","102,86M","-3,30%"
"23/09/2013","2.275","2.250","2.275","2.200","85,69M","-2,15%"
"20/09/2013","2.325","2.300","2.375","2.300","76,11M","-2,11%"
"19/09/2013","2.375","2.300","2.450","2.300","171,28M","6,74%"
"18/09/2013","2.225","2.275","2.275","2.175","65,11M","-1,11%"
"17/09/2013","2.250","2.225","2.275","2.200","124,70M","1,12%"
"16/09/2013","2.225","2.200","2.250","2.200","120,22M","1,14%"
"13/09/2013","2.200","2.200","2.225","2.150","113,03M","-1,12%"
"12/09/2013","2.225","2.150","2.250","2.150","99,84M","2,30%"
"11/09/2013","2.175","2.225","2.275","2.100","215,71M","-1,14%"
"10/09/2013","2.200","2.125","2.200","2.075","218,28M","6,02%"
"09/09/2013","2.075","2.025","2.100","2.025","131,55M","4,27%"
"06/09/2013","1.990","2.025","2.050","1.950","198,06M","-0,50%"
"05/09/2013","2.000","2.100","2.150","1.990","147,37M","-4,76%"
"04/09/2013","2.100","2.150","2.200","2.075","106,76M","-4,55%"
"03/09/2013","2.200","2.175","2.225","2.175","50,21M","2,33%"
"02/09/2013","2.150","2.200","2.225","2.100","63,66M","-2,27%"
"30/08/2013","2.200","2.200","2.250","2.150","109,45M","-1,12%"
"29/08/2013","2.225","2.150","2.250","2.100","105,66M","3,49%"
"28/08/2013","2.150","2.025","2.375","1.980","140,11M","6,17%"
"27/08/2013","2.025","2.125","2.135","2.005","128,37M","-5,16%"
"26/08/2013","2.135","2.165","2.175","2.125","81,52M","-0,93%"
"23/08/2013","2.155","2.165","2.205","2.125","84,48M","0,94%"
"22/08/2013","2.135","2.125","2.185","2.125","145,29M","-2,74%"
"21/08/2013","2.195","2.125","2.256","2.105","201,75M","5,29%"
"20/08/2013","2.085","2.045","2.145","1.985","228,50M","-1,89%"
"19/08/2013","2.125","2.175","2.205","2.105","129,85M","-6,61%"
"16/08/2013","2.276","2.386","2.386","2.276","137,89M","-5,02%"
"15/08/2013","2.396","2.366","2.426","2.356","99,45M","0,42%"
"14/08/2013","2.386","2.356","2.386","2.346","59,41M","1,71%"
"13/08/2013","2.346","2.386","2.396","2.346","96,99M","-1,27%"
"12/08/2013","2.376","2.386","2.426","2.376","108,67M","-1,25%"
"02/08/2013","2.406","2.446","2.446","2.406","54,44M","0,00%"
"01/08/2013","2.406","2.396","2.416","2.386","79,01M","0,84%"
"31/07/2013","2.386","2.366","2.386","2.336","86,61M","1,28%"
"30/07/2013","2.356","2.286","2.376","2.276","79,76M","3,07%"
"29/07/2013","2.286","2.326","2.346","2.266","55,65M","-2,15%"
"26/07/2013","2.336","2.366","2.386","2.336","71,80M","-0,43%"
"25/07/2013","2.346","2.366","2.376","2.326","92,52M","-0,85%"
"24/07/2013","2.366","2.306","2.406","2.306","81,78M","-1,67%"
"23/07/2013","2.406","2.386","2.406","2.366","105,29M","2,13%"
"22/07/2013","2.356","2.406","2.406","2.336","99,71M","0,86%"
"19/07/2013","2.336","2.306","2.356","2.286","90,27M","2,19%"
"18/07/2013","2.286","2.266","2.316","2.256","196,51M","0,88%"
"17/07/2013","2.266","2.306","2.316","2.246","122,58M","-1,74%"
"16/07/2013","2.306","2.356","2.376","2.306","79,50M","-2,95%"
"15/07/2013","2.376","2.376","2.386","2.336","99,49M","0,00%"
"12/07/2013","2.376","2.346","2.446","2.346","205,16M","1,72%"
"11/07/2013","2.336","2.276","2.366","2.266","175,48M","3,10%"
"10/07/2013","2.266","2.205","2.286","2.205","190,38M","2,73%"
"09/07/2013","2.205","2.225","2.276","2.205","131,01M","0,92%"
"08/07/2013","2.185","2.165","2.246","2.165","105,01M","-0,91%"
"05/07/2013","2.205","2.205","2.246","2.205","60,52M","0,92%"
"04/07/2013","2.185","2.165","2.246","2.155","75,88M","3,32%"
"03/07/2013","2.115","2.105","2.155","2.105","178,21M","-1,86%"
"02/07/2013","2.155","2.195","2.205","2.155","91,98M","-1,38%"
"01/07/2013","2.185","2.205","2.256","2.175","86,05M","-3,11%"
"28/06/2013","2.256","2.185","2.256","2.185","181,99M","4,17%"
"27/06/2013","2.165","2.105","2.266","2.105","208,23M","5,37%"
"26/06/2013","2.055","1.985","2.085","1.905","245,31M","5,13%"
"25/06/2013","1.955","2.025","2.025","1.935","183,65M","-2,50%"
"24/06/2013","2.005","2.005","2.055","1.985","147,31M","0,50%"
"21/06/2013","1.995","2.005","2.075","1.975","236,84M","-5,24%"
"20/06/2013","2.105","2.105","2.145","2.035","156,68M","-4,55%"
"19/06/2013","2.205","2.175","2.286","2.165","106,87M","1,38%"
"18/06/2013","2.175","2.095","2.225","2.095","169,43M","4,33%"
"17/06/2013","2.085","2.115","2.155","2.075","109,41M","-1,42%"
"14/06/2013","2.115","2.065","2.175","2.065","147,19M","3,43%"
"13/06/2013","2.045","2.055","2.135","2.015","212,41M","-0,97%"
"12/06/2013","2.065","2.015","2.105","1.945","207,56M","3,00%"
"11/06/2013","2.005","2.105","2.115","1.975","248,26M","-4,76%"
"10/06/2013","2.105","2.205","2.236","2.075","177,09M","-4,55%"
"07/06/2013","2.205","2.246","2.256","2.165","230,86M","-1,79%"
"05/06/2013","2.246","2.266","2.286","2.246","117,72M","-1,32%"
"04/06/2013","2.276","2.286","2.336","2.236","117,37M","-0,44%"
"03/06/2013","2.286","2.225","2.346","2.215","205,51M","3,17%"
"31/05/2013","2.215","2.366","2.386","2.215","485,55M","-6,75%"
"30/05/2013","2.376","2.406","2.436","2.376","141,57M","-4,44%"
"29/05/2013","2.486","2.466","2.506","2.466","110,74M","0,81%"
"28/05/2013","2.466","2.406","2.486","2.406","97,01M","0,82%"
"27/05/2013","2.446","2.466","2.466","2.416","86,44M","-0,81%"
"24/05/2013","2.466","2.466","2.486","2.456","68,91M","0,82%"
"23/05/2013","2.446","2.456","2.486","2.416","153,51M","-1,21%"
"22/05/2013","2.476","2.436","2.496","2.436","87,61M","0,82%"
"21/05/2013","2.456","2.486","2.526","2.446","129,53M","-0,41%"
"20/05/2013","2.466","2.436","2.586","2.436","142,07M","2,93%"
"17/05/2013","2.396","2.386","2.416","2.386","78,14M","0,42%"
"16/05/2013","2.386","2.416","2.426","2.376","100,07M","0,00%"
"15/05/2013","2.386","2.386","2.426","2.366","162,13M","0,42%"
"14/05/2013","2.376","2.366","2.386","2.346","72,10M","0,00%"
"13/05/2013","2.376","2.386","2.386","2.326","85,89M","0,00%"
"10/05/2013","2.376","2.346","2.386","2.346","90,58M","0,42%"
"08/05/2013","2.366","2.326","2.366","2.326","63,71M","0,85%"
"07/05/2013","2.346","2.336","2.356","2.306","79,36M","0,86%"
"06/05/2013","2.326","2.286","2.356","2.286","81,67M","2,65%"
"03/05/2013","2.266","2.346","2.366","2.266","87,78M","-4,24%"
"02/05/2013","2.366","2.336","2.366","2.316","68,16M","0,00%"
"01/05/2013","2.366","2.346","2.366","2.346","20,41M","0,85%"
"30/04/2013","2.346","2.296","2.356","2.296","186,76M","2,63%"
"29/04/2013","2.286","2.276","2.296","2.256","61,89M","1,33%"
"26/04/2013","2.256","2.346","2.346","2.246","141,41M","-4,66%"
"25/04/2013","2.366","2.406","2.406","2.306","110,60M","-1,26%"
"24/04/2013","2.396","2.406","2.426","2.376","93,21M","0,42%"
"23/04/2013","2.386","2.406","2.436","2.376","128,54M","-0,83%"
"22/04/2013","2.406","2.386","2.466","2.386","138,85M","2,56%"
"19/04/2013","2.346","2.296","2.386","2.286","108,92M","1,30%"
"18/04/2013","2.316","2.366","2.366","2.306","159,96M","-3,75%"
"17/04/2013","2.406","2.366","2.506","2.356","160,34M","2,13%"
"16/04/2013","2.356","2.236","2.366","2.205","157,17M","5,38%"
"15/04/2013","2.236","2.225","2.256","2.195","61,73M","0,00%"
"12/04/2013","2.236","2.225","2.256","2.215","93,18M","1,36%"
"11/04/2013","2.205","2.175","2.215","2.145","126,62M","2,33%"
"10/04/2013","2.155","2.185","2.185","2.115","119,08M","-0,46%"
"09/04/2013","2.165","2.135","2.175","2.125","100,96M","2,86%"
"08/04/2013","2.105","2.145","2.165","2.085","105,52M","-1,87%"
"05/04/2013","2.145","2.195","2.215","2.145","52,92M","-1,38%"
"04/04/2013","2.175","2.215","2.225","2.175","70,59M","-2,25%"
"03/04/2013","2.225","2.185","2.236","2.165","96,33M","1,83%"
"02/04/2013","2.185","2.135","2.185","2.135","37,64M","1,40%"
"01/04/2013","2.155","2.205","2.225","2.145","30,41M","-2,27%"
"28/03/2013","2.205","2.155","2.205","2.145","79,34M","1,38%"
"27/03/2013","2.175","2.175","2.185","2.145","59,25M","0,00%"
"26/03/2013","2.175","2.155","2.195","2.135","86,14M","1,40%"
"25/03/2013","2.145","2.155","2.175","2.125","49,50M","1,42%"
"22/03/2013","2.115","2.155","2.165","2.095","97,73M","-1,86%"
"21/03/2013","2.155","2.185","2.225","2.125","84,94M","0,47%"
"20/03/2013","2.145","2.145","2.195","2.125","114,07M","1,42%"
"19/03/2013","2.115","2.125","2.145","2.115","61,15M","0,48%"
"18/03/2013","2.105","2.065","2.115","2.055","100,44M","1,94%"
"15/03/2013","2.065","2.135","2.205","2.065","100,25M","-2,83%"
"14/03/2013","2.125","2.165","2.185","2.125","89,59M","-2,30%"
"13/03/2013","2.175","2.195","2.236","2.155","122,42M","0,00%"
"11/03/2013","2.175","2.185","2.195","2.155","37,42M","0,93%"
"08/03/2013","2.155","2.155","2.195","2.145","71,45M","1,41%"
"07/03/2013","2.125","2.175","2.175","2.105","125,81M","-4,50%"
"06/03/2013","2.225","2.135","2.236","2.135","131,74M","5,71%"
"05/03/2013","2.105","2.105","2.125","2.075","43,27M","0,00%"
"04/03/2013","2.105","2.145","2.185","2.095","93,35M","-3,23%"
"01/03/2013","2.175","2.195","2.195","2.105","95,81M","0,93%"
"28/02/2013","2.155","2.085","2.195","2.065","191,15M","5,91%"
"27/02/2013","2.035","1.995","2.075","1.985","242,85M","3,05%"
"26/02/2013","1.975","1.985","1.985","1.955","54,79M","-0,50%"
"25/02/2013","1.985","1.985","1.985","1.955","85,48M","0,51%"
"22/02/2013","1.975","1.975","1.985","1.955","77,02M","-0,50%"
"21/02/2013","1.985","1.975","1.985","1.965","91,76M","0,51%"
"20/02/2013","1.975","1.985","2.005","1.955","90,70M","-0,50%"
"19/02/2013","1.985","1.995","2.015","1.975","56,57M","-0,50%"
"18/02/2013","1.995","2.005","2.015","1.975","95,88M","0,00%"
"15/02/2013","1.995","1.955","2.005","1.955","242,93M","2,05%"
"14/02/2013","1.955","1.925","1.965","1.915","282,03M","1,56%"
"13/02/2013","1.925","1.925","1.945","1.915","63,40M","-0,52%"
"12/02/2013","1.935","1.925","1.935","1.915","37,39M","0,00%"
"11/02/2013","1.935","1.935","1.945","1.925","55,80M","0,00%"
"08/02/2013","1.935","1.955","1.955","1.925","82,61M","0,00%"
"07/02/2013","1.935","1.945","1.965","1.925","55,74M","-1,53%"
"06/02/2013","1.965","1.965","1.965","1.945","71,90M","1,03%"
"05/02/2013","1.945","1.955","1.955","1.925","73,21M","0,00%"
"04/02/2013","1.945","1.965","1.965","1.925","63,58M","0,52%"
"01/02/2013","1.935","1.945","1.965","1.935","92,25M","-0,52%"
"31/01/2013","1.945","1.935","1.945","1.915","154,64M","0,00%"
"30/01/2013","1.945","1.935","1.955","1.925","82,93M","0,52%"
"29/01/2013","1.935","1.945","1.965","1.915","148,78M","1,05%"
"28/01/2013","1.915","1.945","1.955","1.905","110,90M","-2,55%"
"25/01/2013","1.965","1.925","1.965","1.905","121,34M","2,08%"
"23/01/2013","1.925","1.925","1.945","1.885","54,20M","0,00%"
"22/01/2013","1.925","1.905","1.925","1.895","57,36M","0,00%"
"21/01/2013","1.925","1.955","1.955","1.905","92,16M","-2,04%"
"18/01/2013","1.965","1.925","1.965","1.915","106,23M","2,62%"
"17/01/2013","1.915","1.895","1.925","1.895","108,61M","0,53%"
"16/01/2013","1.905","1.895","1.905","1.885","80,14M","0,53%"
"15/01/2013","1.895","1.835","1.895","1.835","138,83M","3,28%"
"14/01/2013","1.835","1.825","1.835","1.814","93,56M","1,11%"
"11/01/2013","1.814","1.794","1.814","1.784","93,04M","1,12%"
"10/01/2013","1.794","1.794","1.804","1.764","165,43M","0,00%"
"09/01/2013","1.794","1.835","1.845","1.784","150,40M","-2,19%"
"08/01/2013","1.835","1.845","1.855","1.835","76,95M","-0,54%"
"07/01/2013","1.845","1.825","1.865","1.825","109,81M","1,10%"
"04/01/2013","1.825","1.804","1.825","1.804","100,96M","1,11%"
"03/01/2013","1.804","1.804","1.814","1.794","121,18M","0,56%"
"02/01/2013","1.794","1.814","1.835","1.774","60,07M","-1,10%"